scenario,config,rep,job_id,jct
12_normal,default,0,light-908d8834,17.20000000000011
12_normal,default,0,light-5fc304b2,20.250000000000153
12_normal,default,0,light-ab8f3fe4,29.650000000000286
12_normal,default,0,light-dae898e6,30.750000000000302
12_normal,default,0,light-076b6a33,36.35000000000007
12_normal,default,0,io_intensive-e1baf019,56.24999999999894
12_normal,default,0,io_intensive-b46398f6,59.199999999998774
12_normal,default,0,io_intensive-5ee34f25,63.09999999999855
12_normal,default,0,slow_converging-10b2b791,78.04999999999771
12_normal,default,0,slow_converging-1c0a87e3,92.59999999999688
12_normal,default,0,heavy-845e16c7,92.74999999999687
12_normal,default,0,slow_converging-22299180,98.79999999999653
12_normal,custom_baseline,0,light-5fc304b2,7.99999999999998
12_normal,custom_baseline,0,light-908d8834,9.900000000000006
12_normal,custom_baseline,0,light-dae898e6,26.45000000000024
12_normal,custom_baseline,0,light-ab8f3fe4,26.950000000000248
12_normal,custom_baseline,0,light-076b6a33,27.80000000000026
12_normal,custom_baseline,0,io_intensive-e1baf019,55.39999999999899
12_normal,custom_baseline,0,io_intensive-b46398f6,59.49999999999876
12_normal,custom_baseline,0,io_intensive-5ee34f25,61.649999999998634
12_normal,custom_baseline,0,slow_converging-10b2b791,78.49999999999768
12_normal,custom_baseline,0,slow_converging-1c0a87e3,93.44999999999683
12_normal,custom_baseline,0,heavy-845e16c7,94.59999999999677
12_normal,custom_baseline,0,slow_converging-22299180,100.39999999999644
12_normal,custom_adaptive,0,light-5fc304b2,7.049999999999983
12_normal,custom_adaptive,0,light-908d8834,8.09999999999998
12_normal,custom_adaptive,0,light-dae898e6,14.45000000000007
12_normal,custom_adaptive,0,light-076b6a33,15.050000000000079
12_normal,custom_adaptive,0,light-ab8f3fe4,16.6000000000001
12_normal,custom_adaptive,0,io_intensive-5ee34f25,43.19999999999968
12_normal,custom_adaptive,0,io_intensive-e1baf019,45.19999999999957
12_normal,custom_adaptive,0,io_intensive-b46398f6,49.09999999999935
12_normal,custom_adaptive,0,slow_converging-10b2b791,68.29999999999826
12_normal,custom_adaptive,0,slow_converging-1c0a87e3,89.69999999999705
12_normal,custom_adaptive,0,heavy-845e16c7,100.09999999999646
12_normal,custom_adaptive,0,slow_converging-22299180,101.74999999999636
12_normal,reversed,0,light-908d8834,26.600000000000243
12_normal,reversed,0,light-5fc304b2,31.750000000000316
12_normal,reversed,0,light-ab8f3fe4,36.75000000000005
12_normal,reversed,0,light-dae898e6,39.89999999999987
12_normal,reversed,0,light-076b6a33,47.24999999999945
12_normal,reversed,0,io_intensive-e1baf019,61.84999999999862
12_normal,reversed,0,io_intensive-b46398f6,63.749999999998515
12_normal,reversed,0,io_intensive-5ee34f25,69.4499999999982
12_normal,reversed,0,slow_converging-10b2b791,81.94999999999749
12_normal,reversed,0,heavy-845e16c7,93.54999999999683
12_normal,reversed,0,slow_converging-1c0a87e3,95.29999999999673
12_normal,reversed,0,slow_converging-22299180,100.74999999999642
12_normal,default,1,light-5df6dd78,40.29999999999985
12_normal,default,1,light-8fe52907,46.849999999999476
12_normal,default,1,io_intensive-b78d10bc,52.09999999999918
12_normal,default,1,io_intensive-05b3a3c7,60.34999999999871
12_normal,default,1,io_intensive-5a4d577f,61.74999999999863
12_normal,default,1,io_intensive-0169f1fe,61.84999999999862
12_normal,default,1,io_intensive-68371ccf,67.7499999999983
12_normal,default,1,io_intensive-aae743dc,71.99999999999805
12_normal,default,1,heavy-015814fe,85.79999999999727
12_normal,default,1,heavy-76c94d9f,89.29999999999707
12_normal,default,1,slow_converging-0f1d17ae,94.1499999999968
12_normal,default,1,slow_converging-99a9125c,97.09999999999663
12_normal,custom_baseline,1,light-5df6dd78,26.35000000000024
12_normal,custom_baseline,1,light-8fe52907,36.55000000000006
12_normal,custom_baseline,1,io_intensive-b78d10bc,43.99999999999964
12_normal,custom_baseline,1,io_intensive-05b3a3c7,54.84999999999902
12_normal,custom_baseline,1,io_intensive-5a4d577f,58.449999999998816
12_normal,custom_baseline,1,io_intensive-0169f1fe,61.299999999998654
12_normal,custom_baseline,1,io_intensive-68371ccf,66.39999999999837
12_normal,custom_baseline,1,io_intensive-aae743dc,71.84999999999806
12_normal,custom_baseline,1,heavy-015814fe,87.34999999999718
12_normal,custom_baseline,1,heavy-76c94d9f,90.499999999997
12_normal,custom_baseline,1,slow_converging-0f1d17ae,95.24999999999673
12_normal,custom_baseline,1,slow_converging-99a9125c,97.89999999999658
12_normal,custom_adaptive,1,light-5df6dd78,13.600000000000058
12_normal,custom_adaptive,1,light-8fe52907,17.000000000000107
12_normal,custom_adaptive,1,io_intensive-b78d10bc,19.800000000000146
12_normal,custom_adaptive,1,io_intensive-05b3a3c7,24.30000000000021
12_normal,custom_adaptive,1,io_intensive-5a4d577f,32.20000000000031
12_normal,custom_adaptive,1,io_intensive-0169f1fe,40.99999999999981
12_normal,custom_adaptive,1,io_intensive-68371ccf,42.19999999999974
12_normal,custom_adaptive,1,io_intensive-aae743dc,53.4499999999991
12_normal,custom_adaptive,1,slow_converging-99a9125c,85.99999999999726
12_normal,custom_adaptive,1,heavy-76c94d9f,87.94999999999715
12_normal,custom_adaptive,1,slow_converging-0f1d17ae,89.84999999999704
12_normal,custom_adaptive,1,heavy-015814fe,91.59999999999694
12_normal,reversed,1,light-5df6dd78,52.09999999999918
12_normal,reversed,1,light-8fe52907,58.34999999999882
12_normal,reversed,1,io_intensive-b78d10bc,61.999999999998614
12_normal,reversed,1,io_intensive-0169f1fe,66.94999999999834
12_normal,reversed,1,io_intensive-05b3a3c7,68.99999999999822
12_normal,reversed,1,io_intensive-5a4d577f,69.3999999999982
12_normal,reversed,1,io_intensive-68371ccf,74.7499999999979
12_normal,reversed,1,io_intensive-aae743dc,76.74999999999778
12_normal,reversed,1,heavy-015814fe,86.49999999999723
12_normal,reversed,1,heavy-76c94d9f,90.94999999999698
12_normal,reversed,1,slow_converging-0f1d17ae,97.14999999999662
12_normal,reversed,1,slow_converging-99a9125c,101.24999999999639
12_normal,default,2,light-02643643,21.150000000000166
12_normal,default,2,light-004c172c,23.100000000000193
12_normal,default,2,light-eb13d35a,24.800000000000217
12_normal,default,2,light-c7f0f591,30.300000000000296
12_normal,default,2,light-6433b315,33.00000000000026
12_normal,default,2,io_intensive-8f787e9f,50.69999999999926
12_normal,default,2,io_intensive-9e9524d1,53.14999999999912
12_normal,default,2,io_intensive-0c7973bc,61.14999999999866
12_normal,default,2,slow_converging-11937e90,73.14999999999799
12_normal,default,2,heavy-8f9f8813,74.29999999999792
12_normal,default,2,heavy-6e9fc361,75.64999999999785
12_normal,default,2,slow_converging-d1fbbc0c,100.04999999999646
12_normal,custom_baseline,2,light-eb13d35a,15.050000000000079
12_normal,custom_baseline,2,light-004c172c,17.15000000000011
12_normal,custom_baseline,2,light-02643643,17.25000000000011
12_normal,custom_baseline,2,light-c7f0f591,18.950000000000134
12_normal,custom_baseline,2,light-6433b315,30.050000000000292
12_normal,custom_baseline,2,io_intensive-8f787e9f,51.449999999999214
12_normal,custom_baseline,2,io_intensive-9e9524d1,51.89999999999919
12_normal,custom_baseline,2,io_intensive-0c7973bc,60.64999999999869
12_normal,custom_baseline,2,slow_converging-11937e90,73.74999999999795
12_normal,custom_baseline,2,heavy-8f9f8813,76.09999999999782
12_normal,custom_baseline,2,heavy-6e9fc361,77.29999999999775
12_normal,custom_baseline,2,slow_converging-d1fbbc0c,101.0499999999964
12_normal,custom_adaptive,2,light-eb13d35a,9.650000000000002
12_normal,custom_adaptive,2,light-004c172c,10.350000000000012
12_normal,custom_adaptive,2,light-02643643,10.400000000000013
12_normal,custom_adaptive,2,light-c7f0f591,11.100000000000023
12_normal,custom_adaptive,2,light-6433b315,21.250000000000167
12_normal,custom_adaptive,2,io_intensive-9e9524d1,35.65000000000011
12_normal,custom_adaptive,2,io_intensive-8f787e9f,36.25000000000008
12_normal,custom_adaptive,2,io_intensive-0c7973bc,43.64999999999966
12_normal,custom_adaptive,2,slow_converging-11937e90,63.69999999999852
12_normal,custom_adaptive,2,heavy-8f9f8813,77.44999999999774
12_normal,custom_adaptive,2,heavy-6e9fc361,84.64999999999733
12_normal,custom_adaptive,2,slow_converging-d1fbbc0c,97.19999999999662
12_normal,reversed,2,light-02643643,29.350000000000282
12_normal,reversed,2,light-004c172c,33.650000000000226
12_normal,reversed,2,light-eb13d35a,35.55000000000012
12_normal,reversed,2,light-6433b315,41.0999999999998
12_normal,reversed,2,light-c7f0f591,42.04999999999975
12_normal,reversed,2,io_intensive-8f787e9f,55.09999999999901
12_normal,reversed,2,io_intensive-9e9524d1,59.79999999999874
12_normal,reversed,2,io_intensive-0c7973bc,66.84999999999835
12_normal,reversed,2,heavy-6e9fc361,76.3499999999978
12_normal,reversed,2,heavy-8f9f8813,76.4499999999978
12_normal,reversed,2,slow_converging-11937e90,77.04999999999777
12_normal,reversed,2,slow_converging-d1fbbc0c,102.8499999999963
12_normal,default,3,light-4177fc75,20.70000000000016
12_normal,default,3,light-44555702,36.150000000000084
12_normal,default,3,light-8f364d21,38.54999999999995
12_normal,default,3,light-a481238d,43.59999999999966
12_normal,default,3,light-fb430796,44.09999999999963
12_normal,default,3,io_intensive-e10fc17e,45.999999999999524
12_normal,default,3,io_intensive-d0994200,46.94999999999947
12_normal,default,3,io_intensive-7b47057c,50.399999999999274
12_normal,default,3,heavy-6f8b53db,66.29999999999838
12_normal,default,3,heavy-9b892a15,76.4499999999978
12_normal,default,3,slow_converging-dbc024ae,96.99999999999663
12_normal,default,3,slow_converging-64f81fed,98.79999999999653
12_normal,custom_baseline,3,light-4177fc75,14.600000000000072
12_normal,custom_baseline,3,light-8f364d21,29.400000000000283
12_normal,custom_baseline,3,light-44555702,31.850000000000318
12_normal,custom_baseline,3,light-a481238d,32.450000000000294
12_normal,custom_baseline,3,light-fb430796,41.44999999999978
12_normal,custom_baseline,3,io_intensive-e10fc17e,44.399999999999615
12_normal,custom_baseline,3,io_intensive-d0994200,46.499999999999496
12_normal,custom_baseline,3,io_intensive-7b47057c,50.899999999999245
12_normal,custom_baseline,3,heavy-6f8b53db,67.44999999999831
12_normal,custom_baseline,3,heavy-9b892a15,78.2999999999977
12_normal,custom_baseline,3,slow_converging-dbc024ae,97.69999999999659
12_normal,custom_baseline,3,slow_converging-64f81fed,100.29999999999644
12_normal,custom_adaptive,3,light-4177fc75,9.5
12_normal,custom_adaptive,3,light-8f364d21,14.45000000000007
12_normal,custom_adaptive,3,light-44555702,15.350000000000083
12_normal,custom_adaptive,3,light-a481238d,15.600000000000087
12_normal,custom_adaptive,3,light-fb430796,24.550000000000214
12_normal,custom_adaptive,3,io_intensive-e10fc17e,30.300000000000296
12_normal,custom_adaptive,3,io_intensive-d0994200,31.95000000000032
12_normal,custom_adaptive,3,io_intensive-7b47057c,35.8500000000001
12_normal,custom_adaptive,3,heavy-6f8b53db,65.14999999999844
12_normal,custom_adaptive,3,heavy-9b892a15,80.84999999999755
12_normal,custom_adaptive,3,slow_converging-dbc024ae,89.19999999999708
12_normal,custom_adaptive,3,slow_converging-64f81fed,99.2999999999965
12_normal,reversed,3,light-4177fc75,31.30000000000031
12_normal,reversed,3,light-44555702,44.44999999999961
12_normal,reversed,3,light-8f364d21,49.74999999999931
12_normal,reversed,3,light-fb430796,52.19999999999917
12_normal,reversed,3,io_intensive-d0994200,52.69999999999914
12_normal,reversed,3,io_intensive-e10fc17e,52.74999999999914
12_normal,reversed,3,light-a481238d,54.599999999999035
12_normal,reversed,3,io_intensive-7b47057c,55.69999999999897
12_normal,reversed,3,heavy-6f8b53db,69.24999999999821
12_normal,reversed,3,heavy-9b892a15,77.34999999999775
12_normal,reversed,3,slow_converging-64f81fed,100.69999999999642
12_normal,reversed,3,slow_converging-dbc024ae,100.94999999999641
12_normal,default,4,light-0f5cf4aa,18.800000000000132
12_normal,default,4,light-b55201d0,32.90000000000027
12_normal,default,4,light-01b8d543,40.09999999999986
12_normal,default,4,light-2ef333cb,41.89999999999976
12_normal,default,4,io_intensive-5d6b5378,55.34999999999899
12_normal,default,4,io_intensive-df9baf94,55.999999999998956
12_normal,default,4,io_intensive-e68d58ff,66.14999999999839
12_normal,default,4,slow_converging-3a12c2d9,88.54999999999711
12_normal,default,4,heavy-8204338a,91.39999999999695
12_normal,default,4,heavy-c342ed22,91.94999999999692
12_normal,default,4,heavy-e5a80c70,97.34999999999661
12_normal,default,4,heavy-eaeaf3ce,97.39999999999661
12_normal,custom_baseline,4,light-0f5cf4aa,12.30000000000004
12_normal,custom_baseline,4,light-b55201d0,28.800000000000274
12_normal,custom_baseline,4,light-2ef333cb,29.650000000000286
12_normal,custom_baseline,4,light-01b8d543,30.6500000000003
12_normal,custom_baseline,4,io_intensive-5d6b5378,52.04999999999918
12_normal,custom_baseline,4,io_intensive-df9baf94,54.74999999999903
12_normal,custom_baseline,4,io_intensive-e68d58ff,65.39999999999843
12_normal,custom_baseline,4,slow_converging-3a12c2d9,88.54999999999711
12_normal,custom_baseline,4,heavy-8204338a,91.89999999999692
12_normal,custom_baseline,4,heavy-c342ed22,93.49999999999683
12_normal,custom_baseline,4,heavy-eaeaf3ce,98.39999999999655
12_normal,custom_baseline,4,heavy-e5a80c70,98.99999999999652
12_normal,custom_adaptive,4,light-0f5cf4aa,8.79999999999999
12_normal,custom_adaptive,4,light-b55201d0,14.300000000000068
12_normal,custom_adaptive,4,light-2ef333cb,14.650000000000073
12_normal,custom_adaptive,4,light-01b8d543,15.050000000000079
12_normal,custom_adaptive,4,io_intensive-5d6b5378,30.5000000000003
12_normal,custom_adaptive,4,io_intensive-df9baf94,38.44999999999995
12_normal,custom_adaptive,4,io_intensive-e68d58ff,48.29999999999939
12_normal,custom_adaptive,4,slow_converging-3a12c2d9,72.04999999999805
12_normal,custom_adaptive,4,heavy-8204338a,81.89999999999749
12_normal,custom_adaptive,4,heavy-eaeaf3ce,93.49999999999683
12_normal,custom_adaptive,4,heavy-c342ed22,93.79999999999681
12_normal,custom_adaptive,4,heavy-e5a80c70,104.39999999999621
12_normal,reversed,4,light-0f5cf4aa,28.950000000000276
12_normal,reversed,4,light-b55201d0,41.0999999999998
12_normal,reversed,4,light-01b8d543,50.79999999999925
12_normal,reversed,4,light-2ef333cb,53.04999999999912
12_normal,reversed,4,io_intensive-5d6b5378,63.24999999999854
12_normal,reversed,4,io_intensive-df9baf94,63.399999999998535
12_normal,reversed,4,io_intensive-e68d58ff,71.94999999999806
12_normal,reversed,4,slow_converging-3a12c2d9,93.34999999999684
12_normal,reversed,4,heavy-c342ed22,93.89999999999681
12_normal,reversed,4,heavy-8204338a,95.19999999999673
12_normal,reversed,4,heavy-e5a80c70,98.04999999999657
12_normal,reversed,4,heavy-eaeaf3ce,100.19999999999645
48_normal,default,0,light-96804392,94.0999999999968
48_normal,default,0,light-18b4fcef,94.59999999999677
48_normal,default,0,light-a21417c5,112.49999999999575
48_normal,default,0,light-397c97cc,121.09999999999526
48_normal,default,0,light-6ccc5a0f,129.74999999999525
48_normal,default,0,light-21037e74,132.44999999999587
48_normal,default,0,light-bfa68547,133.39999999999608
48_normal,default,0,light-009f0a8f,166.35000000000358
48_normal,default,0,light-9092865b,177.15000000000603
48_normal,default,0,light-ae6db678,197.60000000001068
48_normal,default,0,light-b5dc9282,202.40000000001177
48_normal,default,0,light-a709ec5f,205.1000000000124
48_normal,default,0,light-ac2d830b,205.6000000000125
48_normal,default,0,light-79a30ef4,206.4500000000127
48_normal,default,0,light-b232c7fc,208.2500000000131
48_normal,default,0,light-fc4d128e,212.70000000001411
48_normal,default,0,light-8179a9a3,225.15000000001695
48_normal,default,0,io_intensive-d79efd35,234.35000000001904
48_normal,default,0,io_intensive-b98287cd,264.90000000002595
48_normal,default,0,io_intensive-19bc6aec,285.05000000003054
48_normal,default,0,io_intensive-be7986c3,300.85000000003413
48_normal,default,0,io_intensive-5814e258,315.6000000000375
48_normal,default,0,io_intensive-f7a6aa60,332.55000000004134
48_normal,default,0,io_intensive-d2eca517,332.55000000004134
48_normal,default,0,io_intensive-4601d66c,340.6500000000432
48_normal,default,0,io_intensive-3bbd0ca3,353.9000000000462
48_normal,default,0,io_intensive-38353e8d,354.3000000000463
48_normal,default,0,slow_converging-a8ec6023,431.50000000006384
48_normal,default,0,heavy-9c5af56e,432.300000000064
48_normal,default,0,slow_converging-43bd919f,447.85000000006755
48_normal,default,0,slow_converging-f013871c,450.50000000006816
48_normal,default,0,slow_converging-7f1a1b58,451.75000000006844
48_normal,default,0,heavy-3a5ca0fd,458.30000000006993
48_normal,default,0,slow_converging-99ca2b76,474.9500000000737
48_normal,default,0,slow_converging-d2150fe2,477.0500000000742
48_normal,default,0,slow_converging-44fe9397,494.2500000000781
48_normal,default,0,heavy-b70d75f5,494.90000000007825
48_normal,default,0,heavy-94753dcf,497.2000000000788
48_normal,default,0,heavy-eee7fe2a,497.8000000000789
48_normal,default,0,slow_converging-f485c5b2,501.45000000007974
48_normal,default,0,slow_converging-5bf52ada,502.2000000000799
48_normal,default,0,heavy-e30793fb,502.65000000008
48_normal,default,0,slow_converging-fedd0246,502.9500000000801
48_normal,default,0,slow_converging-b006ced7,503.9000000000803
48_normal,default,0,slow_converging-3eb9f8c0,505.2000000000806
48_normal,default,0,slow_converging-c195c033,506.40000000008087
48_normal,default,0,slow_converging-cb46a5d6,506.950000000081
48_normal,default,0,slow_converging-cb575e04,509.1500000000815
48_normal,custom_baseline,0,light-6ccc5a0f,10.25000000000001
48_normal,custom_baseline,0,light-a21417c5,12.950000000000049
48_normal,custom_baseline,0,light-bfa68547,13.550000000000058
48_normal,custom_baseline,0,light-18b4fcef,19.40000000000014
48_normal,custom_baseline,0,light-96804392,22.450000000000184
48_normal,custom_baseline,0,light-397c97cc,43.79999999999965
48_normal,custom_baseline,0,light-21037e74,83.19999999999742
48_normal,custom_baseline,0,light-fc4d128e,87.84999999999715
48_normal,custom_baseline,0,light-b232c7fc,95.39999999999672
48_normal,custom_baseline,0,light-9092865b,106.14999999999611
48_normal,custom_baseline,0,light-ae6db678,114.34999999999565
48_normal,custom_baseline,0,light-009f0a8f,119.29999999999536
48_normal,custom_baseline,0,light-a709ec5f,136.69999999999683
48_normal,custom_baseline,0,light-79a30ef4,148.69999999999956
48_normal,custom_baseline,0,light-b5dc9282,157.7000000000016
48_normal,custom_baseline,0,light-ac2d830b,158.45000000000178
48_normal,custom_baseline,0,light-8179a9a3,162.4500000000027
48_normal,custom_baseline,0,io_intensive-d79efd35,201.95000000001167
48_normal,custom_baseline,0,io_intensive-b98287cd,226.35000000001722
48_normal,custom_baseline,0,io_intensive-19bc6aec,250.60000000002273
48_normal,custom_baseline,0,io_intensive-be7986c3,258.4500000000245
48_normal,custom_baseline,0,io_intensive-5814e258,287.050000000031
48_normal,custom_baseline,0,io_intensive-f7a6aa60,296.60000000003316
48_normal,custom_baseline,0,io_intensive-4601d66c,301.30000000003423
48_normal,custom_baseline,0,io_intensive-d2eca517,304.95000000003506
48_normal,custom_baseline,0,io_intensive-3bbd0ca3,322.300000000039
48_normal,custom_baseline,0,io_intensive-38353e8d,323.7000000000393
48_normal,custom_baseline,0,slow_converging-a8ec6023,405.3000000000579
48_normal,custom_baseline,0,heavy-9c5af56e,407.45000000005837
48_normal,custom_baseline,0,slow_converging-43bd919f,423.60000000006204
48_normal,custom_baseline,0,slow_converging-f013871c,423.8500000000621
48_normal,custom_baseline,0,slow_converging-7f1a1b58,427.900000000063
48_normal,custom_baseline,0,heavy-3a5ca0fd,439.55000000006567
48_normal,custom_baseline,0,slow_converging-99ca2b76,451.9500000000685
48_normal,custom_baseline,0,slow_converging-d2150fe2,452.60000000006863
48_normal,custom_baseline,0,slow_converging-44fe9397,471.95000000007303
48_normal,custom_baseline,0,heavy-b70d75f5,475.60000000007386
48_normal,custom_baseline,0,heavy-94753dcf,476.6500000000741
48_normal,custom_baseline,0,heavy-eee7fe2a,478.4500000000745
48_normal,custom_baseline,0,slow_converging-f485c5b2,480.650000000075
48_normal,custom_baseline,0,slow_converging-5bf52ada,480.90000000007507
48_normal,custom_baseline,0,slow_converging-fedd0246,481.35000000007517
48_normal,custom_baseline,0,heavy-e30793fb,482.8000000000755
48_normal,custom_baseline,0,slow_converging-b006ced7,482.95000000007553
48_normal,custom_baseline,0,slow_converging-3eb9f8c0,484.75000000007594
48_normal,custom_baseline,0,slow_converging-c195c033,485.9500000000762
48_normal,custom_baseline,0,slow_converging-cb46a5d6,486.15000000007626
48_normal,custom_baseline,0,slow_converging-cb575e04,488.70000000007684
48_normal,custom_adaptive,0,light-6ccc5a0f,8.09999999999998
48_normal,custom_adaptive,0,light-a21417c5,9.099999999999994
48_normal,custom_adaptive,0,light-bfa68547,9.349999999999998
48_normal,custom_adaptive,0,light-18b4fcef,14.200000000000067
48_normal,custom_adaptive,0,light-96804392,15.15000000000008
48_normal,custom_adaptive,0,light-fc4d128e,17.15000000000011
48_normal,custom_adaptive,0,light-b232c7fc,20.70000000000016
48_normal,custom_adaptive,0,light-397c97cc,21.850000000000176
48_normal,custom_adaptive,0,light-ae6db678,26.100000000000236
48_normal,custom_adaptive,0,light-9092865b,27.550000000000257
48_normal,custom_adaptive,0,light-a709ec5f,33.05000000000026
48_normal,custom_adaptive,0,light-21037e74,34.85000000000016
48_normal,custom_adaptive,0,light-8179a9a3,36.00000000000009
48_normal,custom_adaptive,0,light-79a30ef4,38.69999999999994
48_normal,custom_adaptive,0,light-009f0a8f,42.59999999999972
48_normal,custom_adaptive,0,light-ac2d830b,47.29999999999945
48_normal,custom_adaptive,0,light-b5dc9282,48.099999999999405
48_normal,custom_adaptive,0,io_intensive-be7986c3,62.04999999999861
48_normal,custom_adaptive,0,io_intensive-b98287cd,67.89999999999829
48_normal,custom_adaptive,0,io_intensive-4601d66c,72.44999999999803
48_normal,custom_adaptive,0,io_intensive-f7a6aa60,77.29999999999775
48_normal,custom_adaptive,0,io_intensive-19bc6aec,78.89999999999766
48_normal,custom_adaptive,0,io_intensive-d79efd35,79.39999999999763
48_normal,custom_adaptive,0,io_intensive-3bbd0ca3,104.39999999999621
48_normal,custom_adaptive,0,io_intensive-5814e258,110.09999999999589
48_normal,custom_adaptive,0,io_intensive-38353e8d,114.69999999999563
48_normal,custom_adaptive,0,io_intensive-d2eca517,114.84999999999562
48_normal,custom_adaptive,0,slow_converging-f013871c,164.10000000000306
48_normal,custom_adaptive,0,slow_converging-a8ec6023,170.60000000000454
48_normal,custom_adaptive,0,heavy-9c5af56e,201.6000000000116
48_normal,custom_adaptive,0,slow_converging-d2150fe2,224.20000000001673
48_normal,custom_adaptive,0,slow_converging-43bd919f,235.1000000000192
48_normal,custom_adaptive,0,slow_converging-7f1a1b58,264.3000000000258
48_normal,custom_adaptive,0,slow_converging-99ca2b76,306.60000000003544
48_normal,custom_adaptive,0,slow_converging-44fe9397,355.7500000000466
48_normal,custom_adaptive,0,slow_converging-fedd0246,356.40000000004676
48_normal,custom_adaptive,0,slow_converging-5bf52ada,375.5500000000511
48_normal,custom_adaptive,0,slow_converging-b006ced7,387.0000000000537
48_normal,custom_adaptive,0,slow_converging-f485c5b2,389.25000000005423
48_normal,custom_adaptive,0,heavy-3a5ca0fd,390.0500000000544
48_normal,custom_adaptive,0,heavy-94753dcf,395.55000000005566
48_normal,custom_adaptive,0,slow_converging-cb46a5d6,402.7000000000573
48_normal,custom_adaptive,0,slow_converging-3eb9f8c0,407.2000000000583
48_normal,custom_adaptive,0,heavy-eee7fe2a,410.5500000000591
48_normal,custom_adaptive,0,heavy-b70d75f5,411.0000000000592
48_normal,custom_adaptive,0,slow_converging-c195c033,412.65000000005955
48_normal,custom_adaptive,0,slow_converging-cb575e04,413.7000000000598
48_normal,custom_adaptive,0,heavy-e30793fb,415.6000000000602
48_normal,reversed,0,light-96804392,135.59999999999658
48_normal,reversed,0,light-18b4fcef,137.399999999997
48_normal,reversed,0,light-a21417c5,158.65000000000182
48_normal,reversed,0,light-397c97cc,160.8000000000023
48_normal,reversed,0,light-21037e74,165.25000000000333
48_normal,reversed,0,light-6ccc5a0f,177.4000000000061
48_normal,reversed,0,light-bfa68547,180.1000000000067
48_normal,reversed,0,light-009f0a8f,198.45000000001087
48_normal,reversed,0,light-9092865b,216.70000000001502
48_normal,reversed,0,light-b5dc9282,232.30000000001857
48_normal,reversed,0,light-ac2d830b,238.2000000000199
48_normal,reversed,0,light-ae6db678,239.5000000000202
48_normal,reversed,0,light-a709ec5f,242.35000000002086
48_normal,reversed,0,light-79a30ef4,243.60000000002114
48_normal,reversed,0,light-b232c7fc,250.20000000002264
48_normal,reversed,0,light-fc4d128e,256.8500000000241
48_normal,reversed,0,io_intensive-d79efd35,259.4000000000247
48_normal,reversed,0,light-8179a9a3,261.9000000000253
48_normal,reversed,0,io_intensive-b98287cd,293.45000000003245
48_normal,reversed,0,io_intensive-19bc6aec,311.6000000000366
48_normal,reversed,0,io_intensive-be7986c3,331.4000000000411
48_normal,reversed,0,io_intensive-5814e258,337.6500000000425
48_normal,reversed,0,io_intensive-d2eca517,353.65000000004613
48_normal,reversed,0,io_intensive-f7a6aa60,359.95000000004757
48_normal,reversed,0,io_intensive-4601d66c,369.3500000000497
48_normal,reversed,0,io_intensive-38353e8d,377.95000000005166
48_normal,reversed,0,io_intensive-3bbd0ca3,378.6500000000518
48_normal,reversed,0,heavy-3a5ca0fd,441.8000000000662
48_normal,reversed,0,heavy-9c5af56e,449.60000000006795
48_normal,reversed,0,slow_converging-a8ec6023,451.1000000000683
48_normal,reversed,0,slow_converging-43bd919f,463.100000000071
48_normal,reversed,0,slow_converging-7f1a1b58,465.7000000000716
48_normal,reversed,0,slow_converging-f013871c,469.30000000007243
48_normal,reversed,0,heavy-b70d75f5,478.4000000000745
48_normal,reversed,0,heavy-eee7fe2a,486.8000000000764
48_normal,reversed,0,heavy-e30793fb,486.90000000007643
48_normal,reversed,0,slow_converging-99ca2b76,486.95000000007644
48_normal,reversed,0,slow_converging-d2150fe2,491.45000000007747
48_normal,reversed,0,heavy-94753dcf,497.8000000000789
48_normal,reversed,0,slow_converging-44fe9397,499.9500000000794
48_normal,reversed,0,slow_converging-f485c5b2,503.65000000008024
48_normal,reversed,0,slow_converging-5bf52ada,505.45000000008065
48_normal,reversed,0,slow_converging-c195c033,505.50000000008066
48_normal,reversed,0,slow_converging-3eb9f8c0,506.1500000000808
48_normal,reversed,0,slow_converging-b006ced7,506.5000000000809
48_normal,reversed,0,slow_converging-fedd0246,506.6500000000809
48_normal,reversed,0,slow_converging-cb46a5d6,508.7000000000814
48_normal,reversed,0,slow_converging-cb575e04,509.3000000000815
48_normal,default,1,light-95192064,100.69999999999642
48_normal,default,1,light-968702fb,139.44999999999746
48_normal,default,1,light-e1f637c1,180.9500000000069
48_normal,default,1,light-9ce0aa26,218.10000000001534
48_normal,default,1,light-67f74fe9,221.050000000016
48_normal,default,1,light-5a5002c3,224.9000000000169
48_normal,default,1,light-aa8d5381,225.350000000017
48_normal,default,1,light-bc2ede00,237.95000000001986
48_normal,default,1,light-45cd5b98,242.45000000002088
48_normal,default,1,light-1fa0791d,243.15000000002104
48_normal,default,1,light-5c9c3ae0,248.6500000000223
48_normal,default,1,light-cc399130,252.75000000002322
48_normal,default,1,light-81acd5ca,257.9500000000244
48_normal,default,1,io_intensive-b32de339,260.95000000002506
48_normal,default,1,io_intensive-d0267b51,273.20000000002784
48_normal,default,1,io_intensive-59a76ade,273.900000000028
48_normal,default,1,io_intensive-95fb59bf,280.0000000000294
48_normal,default,1,io_intensive-e6baa99d,286.90000000003096
48_normal,default,1,io_intensive-4ab272a5,287.35000000003106
48_normal,default,1,io_intensive-202fc5dd,289.55000000003156
48_normal,default,1,io_intensive-3627651d,298.9000000000337
48_normal,default,1,io_intensive-951631d3,307.05000000003554
48_normal,default,1,io_intensive-2ca61ff3,312.6000000000368
48_normal,default,1,io_intensive-09d84e6d,313.1000000000369
48_normal,default,1,io_intensive-434ee737,342.75000000004366
48_normal,default,1,io_intensive-1e65f7a8,365.10000000004874
48_normal,default,1,io_intensive-8ff37775,378.85000000005186
48_normal,default,1,heavy-87579432,415.65000000006023
48_normal,default,1,heavy-f148eef1,417.8000000000607
48_normal,default,1,heavy-c9b5e5c7,419.25000000006105
48_normal,default,1,heavy-31802cd3,434.3500000000645
48_normal,default,1,heavy-407ba329,444.9000000000669
48_normal,default,1,heavy-e8bbf5a6,446.90000000006734
48_normal,default,1,heavy-cdfa2165,452.9500000000687
48_normal,default,1,slow_converging-01a62f2d,454.150000000069
48_normal,default,1,heavy-3254244a,460.50000000007043
48_normal,default,1,heavy-5e4c3cad,477.1000000000742
48_normal,default,1,slow_converging-e11830ab,477.1500000000742
48_normal,default,1,slow_converging-c8b86eab,477.2000000000742
48_normal,default,1,heavy-d36e968e,482.60000000007545
48_normal,default,1,slow_converging-373e0e64,484.1000000000758
48_normal,default,1,heavy-d9fe738f,485.3500000000761
48_normal,default,1,slow_converging-68a6eacd,485.65000000007615
48_normal,default,1,slow_converging-6e69c0c2,487.00000000007645
48_normal,default,1,slow_converging-44397422,487.2000000000765
48_normal,default,1,slow_converging-4ca941fd,488.0000000000767
48_normal,default,1,slow_converging-8e761239,490.8000000000773
48_normal,default,1,slow_converging-7f001df6,494.50000000007816
48_normal,custom_baseline,1,light-e1f637c1,21.55000000000017
48_normal,custom_baseline,1,light-95192064,30.450000000000298
48_normal,custom_baseline,1,light-968702fb,78.1499999999977
48_normal,custom_baseline,1,light-bc2ede00,100.9999999999964
48_normal,custom_baseline,1,light-aa8d5381,103.09999999999629
48_normal,custom_baseline,1,light-81acd5ca,106.14999999999611
48_normal,custom_baseline,1,light-67f74fe9,130.14999999999534
48_normal,custom_baseline,1,light-45cd5b98,136.29999999999674
48_normal,custom_baseline,1,light-9ce0aa26,143.04999999999828
48_normal,custom_baseline,1,light-5a5002c3,175.60000000000568
48_normal,custom_baseline,1,light-1fa0791d,188.8500000000087
48_normal,custom_baseline,1,light-5c9c3ae0,188.9000000000087
48_normal,custom_baseline,1,light-cc399130,189.00000000000873
48_normal,custom_baseline,1,io_intensive-b32de339,220.5000000000159
48_normal,custom_baseline,1,io_intensive-d0267b51,224.85000000001688
48_normal,custom_baseline,1,io_intensive-59a76ade,230.80000000001823
48_normal,custom_baseline,1,io_intensive-e6baa99d,242.40000000002087
48_normal,custom_baseline,1,io_intensive-95fb59bf,243.25000000002106
48_normal,custom_baseline,1,io_intensive-4ab272a5,255.85000000002393
48_normal,custom_baseline,1,io_intensive-202fc5dd,256.300000000024
48_normal,custom_baseline,1,io_intensive-951631d3,269.30000000002696
48_normal,custom_baseline,1,io_intensive-3627651d,269.75000000002706
48_normal,custom_baseline,1,io_intensive-2ca61ff3,277.9000000000289
48_normal,custom_baseline,1,io_intensive-09d84e6d,285.55000000003065
48_normal,custom_baseline,1,io_intensive-434ee737,312.2500000000367
48_normal,custom_baseline,1,io_intensive-1e65f7a8,338.1500000000426
48_normal,custom_baseline,1,io_intensive-8ff37775,350.8000000000455
48_normal,custom_baseline,1,heavy-c9b5e5c7,394.8500000000555
48_normal,custom_baseline,1,heavy-f148eef1,395.7500000000557
48_normal,custom_baseline,1,heavy-87579432,398.0000000000562
48_normal,custom_baseline,1,heavy-31802cd3,417.85000000006073
48_normal,custom_baseline,1,heavy-407ba329,420.7000000000614
48_normal,custom_baseline,1,heavy-e8bbf5a6,429.30000000006333
48_normal,custom_baseline,1,slow_converging-01a62f2d,430.0000000000635
48_normal,custom_baseline,1,heavy-cdfa2165,432.250000000064
48_normal,custom_baseline,1,heavy-3254244a,441.4000000000661
48_normal,custom_baseline,1,slow_converging-c8b86eab,454.80000000006913
48_normal,custom_baseline,1,slow_converging-e11830ab,456.8000000000696
48_normal,custom_baseline,1,heavy-5e4c3cad,457.10000000006966
48_normal,custom_baseline,1,slow_converging-373e0e64,463.000000000071
48_normal,custom_baseline,1,heavy-d36e968e,463.9500000000712
48_normal,custom_baseline,1,slow_converging-68a6eacd,465.1000000000715
48_normal,custom_baseline,1,heavy-d9fe738f,466.0500000000717
48_normal,custom_baseline,1,slow_converging-6e69c0c2,466.35000000007176
48_normal,custom_baseline,1,slow_converging-44397422,467.15000000007194
48_normal,custom_baseline,1,slow_converging-4ca941fd,467.8000000000721
48_normal,custom_baseline,1,slow_converging-8e761239,470.80000000007277
48_normal,custom_baseline,1,slow_converging-7f001df6,474.8500000000737
48_normal,custom_adaptive,1,light-e1f637c1,10.85000000000002
48_normal,custom_adaptive,1,light-bc2ede00,16.5500000000001
48_normal,custom_adaptive,1,light-aa8d5381,16.6500000000001
48_normal,custom_adaptive,1,light-81acd5ca,16.850000000000104
48_normal,custom_adaptive,1,light-95192064,23.000000000000192
48_normal,custom_adaptive,1,light-45cd5b98,24.550000000000214
48_normal,custom_adaptive,1,light-67f74fe9,29.000000000000277
48_normal,custom_adaptive,1,light-968702fb,30.5500000000003
48_normal,custom_adaptive,1,light-9ce0aa26,30.6500000000003
48_normal,custom_adaptive,1,light-cc399130,39.19999999999991
48_normal,custom_adaptive,1,light-5c9c3ae0,43.24999999999968
48_normal,custom_adaptive,1,light-5a5002c3,44.199999999999626
48_normal,custom_adaptive,1,light-1fa0791d,44.49999999999961
48_normal,custom_adaptive,1,io_intensive-d0267b51,55.649999999998975
48_normal,custom_adaptive,1,io_intensive-b32de339,61.59999999999864
48_normal,custom_adaptive,1,io_intensive-59a76ade,61.649999999998634
48_normal,custom_adaptive,1,io_intensive-e6baa99d,61.89999999999862
48_normal,custom_adaptive,1,io_intensive-951631d3,74.19999999999793
48_normal,custom_adaptive,1,io_intensive-95fb59bf,77.89999999999772
48_normal,custom_adaptive,1,io_intensive-202fc5dd,81.59999999999751
48_normal,custom_adaptive,1,io_intensive-2ca61ff3,83.19999999999742
48_normal,custom_adaptive,1,io_intensive-4ab272a5,88.49999999999712
48_normal,custom_adaptive,1,io_intensive-3627651d,101.64999999999637
48_normal,custom_adaptive,1,io_intensive-434ee737,102.8499999999963
48_normal,custom_adaptive,1,io_intensive-09d84e6d,110.39999999999587
48_normal,custom_adaptive,1,io_intensive-8ff37775,114.29999999999565
48_normal,custom_adaptive,1,io_intensive-1e65f7a8,125.39999999999502
48_normal,custom_adaptive,1,slow_converging-01a62f2d,158.9500000000019
48_normal,custom_adaptive,1,heavy-c9b5e5c7,168.6500000000041
48_normal,custom_adaptive,1,heavy-407ba329,169.9500000000044
48_normal,custom_adaptive,1,slow_converging-c8b86eab,233.20000000001878
48_normal,custom_adaptive,1,heavy-f148eef1,243.000000000021
48_normal,custom_adaptive,1,slow_converging-373e0e64,276.5500000000286
48_normal,custom_adaptive,1,heavy-cdfa2165,306.5500000000354
48_normal,custom_adaptive,1,slow_converging-6e69c0c2,307.8000000000357
48_normal,custom_adaptive,1,slow_converging-68a6eacd,334.45000000004177
48_normal,custom_adaptive,1,slow_converging-e11830ab,343.25000000004377
48_normal,custom_adaptive,1,heavy-87579432,348.50000000004496
48_normal,custom_adaptive,1,heavy-5e4c3cad,360.85000000004777
48_normal,custom_adaptive,1,slow_converging-4ca941fd,367.0500000000492
48_normal,custom_adaptive,1,heavy-3254244a,367.5000000000493
48_normal,custom_adaptive,1,heavy-e8bbf5a6,371.80000000005026
48_normal,custom_adaptive,1,heavy-31802cd3,372.70000000005047
48_normal,custom_adaptive,1,slow_converging-44397422,375.6000000000511
48_normal,custom_adaptive,1,slow_converging-8e761239,381.80000000005253
48_normal,custom_adaptive,1,heavy-d9fe738f,386.5500000000536
48_normal,custom_adaptive,1,heavy-d36e968e,388.250000000054
48_normal,custom_adaptive,1,slow_converging-7f001df6,392.05000000005487
48_normal,reversed,1,light-95192064,142.6999999999982
48_normal,reversed,1,light-968702fb,178.40000000000632
48_normal,reversed,1,light-e1f637c1,228.9000000000178
48_normal,reversed,1,light-9ce0aa26,258.75000000002456
48_normal,reversed,1,light-5a5002c3,259.25000000002467
48_normal,reversed,1,light-67f74fe9,266.70000000002636
48_normal,reversed,1,light-aa8d5381,270.9000000000273
48_normal,reversed,1,light-1fa0791d,280.30000000002946
48_normal,reversed,1,light-bc2ede00,285.4500000000306
48_normal,reversed,1,light-45cd5b98,286.2000000000308
48_normal,reversed,1,light-5c9c3ae0,286.35000000003083
48_normal,reversed,1,io_intensive-b32de339,292.2500000000322
48_normal,reversed,1,light-cc399130,292.3500000000322
48_normal,reversed,1,light-81acd5ca,303.3500000000347
48_normal,reversed,1,io_intensive-59a76ade,306.9000000000355
48_normal,reversed,1,io_intensive-d0267b51,308.50000000003587
48_normal,reversed,1,io_intensive-95fb59bf,309.65000000003613
48_normal,reversed,1,io_intensive-4ab272a5,314.10000000003714
48_normal,reversed,1,io_intensive-202fc5dd,317.3500000000379
48_normal,reversed,1,io_intensive-e6baa99d,321.15000000003874
48_normal,reversed,1,io_intensive-3627651d,323.40000000003926
48_normal,reversed,1,io_intensive-09d84e6d,335.65000000004204
48_normal,reversed,1,io_intensive-951631d3,337.45000000004245
48_normal,reversed,1,io_intensive-2ca61ff3,341.1500000000433
48_normal,reversed,1,io_intensive-434ee737,368.8500000000496
48_normal,reversed,1,io_intensive-1e65f7a8,386.9500000000537
48_normal,reversed,1,heavy-31802cd3,402.55000000005725
48_normal,reversed,1,io_intensive-8ff37775,403.2500000000574
48_normal,reversed,1,heavy-87579432,405.55000000005793
48_normal,reversed,1,heavy-f148eef1,428.2500000000631
48_normal,reversed,1,heavy-e8bbf5a6,429.0500000000633
48_normal,reversed,1,heavy-c9b5e5c7,433.80000000006436
48_normal,reversed,1,heavy-3254244a,457.15000000006967
48_normal,reversed,1,heavy-407ba329,457.55000000006976
48_normal,reversed,1,heavy-cdfa2165,458.85000000007005
48_normal,reversed,1,heavy-d36e968e,463.5000000000711
48_normal,reversed,1,slow_converging-01a62f2d,465.80000000007163
48_normal,reversed,1,heavy-d9fe738f,473.9000000000735
48_normal,reversed,1,heavy-5e4c3cad,477.65000000007433
48_normal,reversed,1,slow_converging-e11830ab,479.50000000007475
48_normal,reversed,1,slow_converging-c8b86eab,482.50000000007543
48_normal,reversed,1,slow_converging-44397422,487.00000000007645
48_normal,reversed,1,slow_converging-373e0e64,487.7000000000766
48_normal,reversed,1,slow_converging-68a6eacd,487.80000000007664
48_normal,reversed,1,slow_converging-4ca941fd,488.9000000000769
48_normal,reversed,1,slow_converging-6e69c0c2,489.350000000077
48_normal,reversed,1,slow_converging-8e761239,490.4000000000772
48_normal,reversed,1,slow_converging-7f001df6,492.20000000007764
48_normal,default,2,light-86687236,95.24999999999673
48_normal,default,2,light-162705b5,116.09999999999555
48_normal,default,2,light-84fcecca,116.14999999999554
48_normal,default,2,light-b0b6813f,116.9999999999955
48_normal,default,2,light-fad394b7,121.84999999999522
48_normal,default,2,light-e954a6d4,131.99999999999577
48_normal,default,2,light-1fb7eaf4,138.54999999999725
48_normal,default,2,light-64bca439,174.70000000000547
48_normal,default,2,light-ee8f4908,188.35000000000858
48_normal,default,2,light-cad45a80,191.5000000000093
48_normal,default,2,light-1d386d00,192.8000000000096
48_normal,default,2,light-0d37d272,211.3000000000138
48_normal,default,2,light-7cbe5243,215.7000000000148
48_normal,default,2,light-6d0c1f29,218.3500000000154
48_normal,default,2,light-983ec12b,235.0500000000192
48_normal,default,2,io_intensive-8b9ab878,237.55000000001976
48_normal,default,2,io_intensive-8d1568bf,244.40000000002132
48_normal,default,2,io_intensive-311a3886,262.4500000000254
48_normal,default,2,io_intensive-aa5888a4,266.70000000002636
48_normal,default,2,io_intensive-efaa8cf4,283.9000000000303
48_normal,default,2,io_intensive-f182d3d7,292.8500000000323
48_normal,default,2,io_intensive-d62ccefe,296.2500000000331
48_normal,default,2,io_intensive-f8fa51ca,304.05000000003486
48_normal,default,2,io_intensive-c12c9802,308.85000000003595
48_normal,default,2,io_intensive-708ab5a6,315.3500000000374
48_normal,default,2,io_intensive-8124ca9a,318.05000000003804
48_normal,default,2,io_intensive-34a33b12,351.8000000000457
48_normal,default,2,io_intensive-143abc36,352.75000000004593
48_normal,default,2,io_intensive-ded0ace2,354.10000000004624
48_normal,default,2,heavy-564d84ab,386.8500000000537
48_normal,default,2,heavy-d402ef64,401.550000000057
48_normal,default,2,heavy-b2a54c0d,407.45000000005837
48_normal,default,2,slow_converging-70727981,416.20000000006036
48_normal,default,2,heavy-78a0fe96,417.10000000006056
48_normal,default,2,heavy-10889497,421.95000000006166
48_normal,default,2,heavy-252c2cdd,425.5500000000625
48_normal,default,2,heavy-065da7a0,428.7500000000632
48_normal,default,2,slow_converging-c9ccc9f3,430.60000000006363
48_normal,default,2,slow_converging-24da2920,444.5500000000668
48_normal,default,2,heavy-c625c7cc,449.900000000068
48_normal,default,2,heavy-a8052a40,450.10000000006806
48_normal,default,2,slow_converging-5779d2e5,453.95000000006894
48_normal,default,2,heavy-60b53fc8,456.3500000000695
48_normal,default,2,heavy-82242e71,458.1000000000699
48_normal,default,2,slow_converging-77a9a75e,462.0500000000708
48_normal,default,2,slow_converging-81dd313d,462.6000000000709
48_normal,default,2,slow_converging-ee8756b3,468.3500000000722
48_normal,default,2,slow_converging-272acbf2,468.7000000000723
48_normal,custom_baseline,2,light-84fcecca,8.499999999999986
48_normal,custom_baseline,2,light-162705b5,10.300000000000011
48_normal,custom_baseline,2,light-1fb7eaf4,22.85000000000019
48_normal,custom_baseline,2,light-86687236,26.40000000000024
48_normal,custom_baseline,2,light-64bca439,32.85000000000027
48_normal,custom_baseline,2,light-e954a6d4,34.1500000000002
48_normal,custom_baseline,2,light-b0b6813f,48.1499999999994
48_normal,custom_baseline,2,light-fad394b7,66.19999999999838
48_normal,custom_baseline,2,light-1d386d00,98.79999999999653
48_normal,custom_baseline,2,light-6d0c1f29,106.89999999999607
48_normal,custom_baseline,2,light-ee8f4908,109.9999999999959
48_normal,custom_baseline,2,light-cad45a80,135.29999999999652
48_normal,custom_baseline,2,light-0d37d272,144.8999999999987
48_normal,custom_baseline,2,light-7cbe5243,166.9500000000037
48_normal,custom_baseline,2,light-983ec12b,181.400000000007
48_normal,custom_baseline,2,io_intensive-8b9ab878,209.75000000001344
48_normal,custom_baseline,2,io_intensive-8d1568bf,210.35000000001358
48_normal,custom_baseline,2,io_intensive-aa5888a4,221.70000000001616
48_normal,custom_baseline,2,io_intensive-311a3886,229.70000000001798
48_normal,custom_baseline,2,io_intensive-efaa8cf4,246.35000000002177
48_normal,custom_baseline,2,io_intensive-f182d3d7,252.40000000002314
48_normal,custom_baseline,2,io_intensive-f8fa51ca,262.60000000002543
48_normal,custom_baseline,2,io_intensive-d62ccefe,269.30000000002696
48_normal,custom_baseline,2,io_intensive-c12c9802,272.35000000002765
48_normal,custom_baseline,2,io_intensive-708ab5a6,287.100000000031
48_normal,custom_baseline,2,io_intensive-8124ca9a,288.20000000003125
48_normal,custom_baseline,2,io_intensive-34a33b12,319.5500000000384
48_normal,custom_baseline,2,io_intensive-143abc36,325.50000000003973
48_normal,custom_baseline,2,io_intensive-ded0ace2,327.80000000004026
48_normal,custom_baseline,2,heavy-564d84ab,362.45000000004814
48_normal,custom_baseline,2,heavy-d402ef64,380.10000000005215
48_normal,custom_baseline,2,heavy-b2a54c0d,388.7000000000541
48_normal,custom_baseline,2,slow_converging-70727981,391.2000000000547
48_normal,custom_baseline,2,heavy-78a0fe96,396.0500000000558
48_normal,custom_baseline,2,heavy-10889497,402.3500000000572
48_normal,custom_baseline,2,heavy-252c2cdd,407.30000000005833
48_normal,custom_baseline,2,slow_converging-c9ccc9f3,407.5500000000584
48_normal,custom_baseline,2,heavy-065da7a0,410.00000000005895
48_normal,custom_baseline,2,slow_converging-24da2920,422.4500000000618
48_normal,custom_baseline,2,heavy-c625c7cc,429.5000000000634
48_normal,custom_baseline,2,heavy-a8052a40,430.9500000000637
48_normal,custom_baseline,2,slow_converging-5779d2e5,433.1000000000642
48_normal,custom_baseline,2,heavy-60b53fc8,436.550000000065
48_normal,custom_baseline,2,heavy-82242e71,438.4000000000654
48_normal,custom_baseline,2,slow_converging-77a9a75e,441.4500000000661
48_normal,custom_baseline,2,slow_converging-81dd313d,441.8500000000662
48_normal,custom_baseline,2,slow_converging-ee8756b3,448.4000000000677
48_normal,custom_baseline,2,slow_converging-272acbf2,448.4500000000677
48_normal,custom_adaptive,2,light-84fcecca,7.349999999999982
48_normal,custom_adaptive,2,light-162705b5,8.199999999999982
48_normal,custom_adaptive,2,light-1fb7eaf4,11.750000000000032
48_normal,custom_adaptive,2,light-64bca439,13.150000000000052
48_normal,custom_adaptive,2,light-e954a6d4,15.700000000000088
48_normal,custom_adaptive,2,light-86687236,18.300000000000125
48_normal,custom_adaptive,2,light-6d0c1f29,20.80000000000016
48_normal,custom_adaptive,2,light-1d386d00,23.100000000000193
48_normal,custom_adaptive,2,light-b0b6813f,24.650000000000215
48_normal,custom_adaptive,2,light-ee8f4908,26.750000000000245
48_normal,custom_adaptive,2,light-fad394b7,29.750000000000288
48_normal,custom_adaptive,2,light-0d37d272,33.60000000000023
48_normal,custom_adaptive,2,light-cad45a80,35.9000000000001
48_normal,custom_adaptive,2,light-983ec12b,41.49999999999978
48_normal,custom_adaptive,2,light-7cbe5243,42.9499999999997
48_normal,custom_adaptive,2,io_intensive-aa5888a4,51.799999999999194
48_normal,custom_adaptive,2,io_intensive-f8fa51ca,58.54999999999881
48_normal,custom_adaptive,2,io_intensive-f182d3d7,62.74999999999857
48_normal,custom_adaptive,2,io_intensive-efaa8cf4,63.29999999999854
48_normal,custom_adaptive,2,io_intensive-8d1568bf,73.69999999999796
48_normal,custom_adaptive,2,io_intensive-c12c9802,73.79999999999795
48_normal,custom_adaptive,2,io_intensive-311a3886,80.69999999999756
48_normal,custom_adaptive,2,io_intensive-8b9ab878,86.54999999999723
48_normal,custom_adaptive,2,io_intensive-34a33b12,93.14999999999685
48_normal,custom_adaptive,2,io_intensive-8124ca9a,97.5999999999966
48_normal,custom_adaptive,2,io_intensive-708ab5a6,104.19999999999622
48_normal,custom_adaptive,2,io_intensive-d62ccefe,107.54999999999603
48_normal,custom_adaptive,2,io_intensive-143abc36,124.54999999999507
48_normal,custom_adaptive,2,io_intensive-ded0ace2,130.8499999999955
48_normal,custom_adaptive,2,slow_converging-70727981,162.9000000000028
48_normal,custom_adaptive,2,heavy-564d84ab,174.10000000000534
48_normal,custom_adaptive,2,slow_converging-c9ccc9f3,181.25000000000696
48_normal,custom_adaptive,2,slow_converging-24da2920,245.1500000000215
48_normal,custom_adaptive,2,heavy-d402ef64,272.9500000000278
48_normal,custom_adaptive,2,heavy-78a0fe96,299.15000000003374
48_normal,custom_adaptive,2,slow_converging-81dd313d,313.25000000003695
48_normal,custom_adaptive,2,slow_converging-5779d2e5,321.3000000000388
48_normal,custom_adaptive,2,slow_converging-77a9a75e,328.15000000004034
48_normal,custom_adaptive,2,heavy-10889497,331.8500000000412
48_normal,custom_adaptive,2,heavy-b2a54c0d,336.50000000004223
48_normal,custom_adaptive,2,heavy-c625c7cc,347.4500000000447
48_normal,custom_adaptive,2,heavy-065da7a0,359.2500000000474
48_normal,custom_adaptive,2,heavy-252c2cdd,360.5000000000477
48_normal,custom_adaptive,2,slow_converging-272acbf2,367.4500000000493
48_normal,custom_adaptive,2,heavy-60b53fc8,368.9500000000496
48_normal,custom_adaptive,2,heavy-82242e71,372.4500000000504
48_normal,custom_adaptive,2,heavy-a8052a40,372.70000000005047
48_normal,custom_adaptive,2,slow_converging-ee8756b3,375.6000000000511
48_normal,reversed,2,light-86687236,135.99999999999667
48_normal,reversed,2,light-b0b6813f,154.85000000000096
48_normal,reversed,2,light-fad394b7,157.7000000000016
48_normal,reversed,2,light-162705b5,162.85000000000278
48_normal,reversed,2,light-84fcecca,165.65000000000342
48_normal,reversed,2,light-e954a6d4,176.35000000000585
48_normal,reversed,2,light-1fb7eaf4,183.6500000000075
48_normal,reversed,2,light-64bca439,221.15000000001604
48_normal,reversed,2,light-cad45a80,227.25000000001742
48_normal,reversed,2,light-ee8f4908,228.9000000000178
48_normal,reversed,2,light-1d386d00,234.45000000001906
48_normal,reversed,2,light-0d37d272,249.95000000002258
48_normal,reversed,2,light-7cbe5243,250.60000000002273
48_normal,reversed,2,io_intensive-8b9ab878,261.5000000000252
48_normal,reversed,2,light-6d0c1f29,262.5500000000254
48_normal,reversed,2,light-983ec12b,269.75000000002706
48_normal,reversed,2,io_intensive-8d1568bf,271.95000000002756
48_normal,reversed,2,io_intensive-311a3886,288.60000000003134
48_normal,reversed,2,io_intensive-aa5888a4,299.5000000000338
48_normal,reversed,2,io_intensive-efaa8cf4,314.2500000000372
48_normal,reversed,2,io_intensive-d62ccefe,316.9000000000378
48_normal,reversed,2,io_intensive-f182d3d7,322.90000000003914
48_normal,reversed,2,io_intensive-f8fa51ca,335.450000000042
48_normal,reversed,2,io_intensive-c12c9802,337.3000000000424
48_normal,reversed,2,io_intensive-708ab5a6,338.9000000000428
48_normal,reversed,2,io_intensive-8124ca9a,342.0000000000435
48_normal,reversed,2,io_intensive-143abc36,373.7000000000507
48_normal,reversed,2,io_intensive-ded0ace2,374.2500000000508
48_normal,reversed,2,io_intensive-34a33b12,376.95000000005143
48_normal,reversed,2,heavy-b2a54c0d,402.90000000005733
48_normal,reversed,2,heavy-564d84ab,403.7500000000575
48_normal,reversed,2,heavy-252c2cdd,404.75000000005775
48_normal,reversed,2,heavy-d402ef64,410.6500000000591
48_normal,reversed,2,heavy-065da7a0,413.8000000000598
48_normal,reversed,2,heavy-78a0fe96,422.6500000000618
48_normal,reversed,2,heavy-10889497,422.80000000006186
48_normal,reversed,2,slow_converging-70727981,428.55000000006316
48_normal,reversed,2,heavy-a8052a40,434.70000000006456
48_normal,reversed,2,slow_converging-c9ccc9f3,439.6000000000657
48_normal,reversed,2,slow_converging-24da2920,451.0500000000683
48_normal,reversed,2,heavy-c625c7cc,451.1000000000683
48_normal,reversed,2,heavy-60b53fc8,453.3500000000688
48_normal,reversed,2,heavy-82242e71,453.8500000000689
48_normal,reversed,2,slow_converging-5779d2e5,456.55000000006953
48_normal,reversed,2,slow_converging-77a9a75e,463.70000000007116
48_normal,reversed,2,slow_converging-81dd313d,464.4500000000713
48_normal,reversed,2,slow_converging-ee8756b3,467.20000000007195
48_normal,reversed,2,slow_converging-272acbf2,468.95000000007235
48_normal,default,3,light-7178b8cb,102.64999999999631
48_normal,default,3,light-2f40485d,117.39999999999547
48_normal,default,3,light-664e57c7,118.99999999999538
48_normal,default,3,light-bf7f59dc,121.34999999999525
48_normal,default,3,light-3eb2fa93,151.15000000000012
48_normal,default,3,light-c74c23cc,152.4000000000004
48_normal,default,3,light-3420d76b,156.25000000000128
48_normal,default,3,light-156b59ca,156.45000000000132
48_normal,default,3,light-dc84b189,174.95000000000553
48_normal,default,3,light-8919ec3f,193.7000000000098
48_normal,default,3,light-55375ed7,208.90000000001325
48_normal,default,3,light-7366d22a,209.1000000000133
48_normal,default,3,light-cc499b73,236.0000000000194
48_normal,default,3,light-a9bef854,238.00000000001987
48_normal,default,3,io_intensive-394b35a4,247.90000000002212
48_normal,default,3,io_intensive-7756e1ec,255.3500000000238
48_normal,default,3,io_intensive-71bbad53,271.45000000002744
48_normal,default,3,io_intensive-75a97fd0,275.6000000000284
48_normal,default,3,io_intensive-1a61c137,282.1500000000299
48_normal,default,3,io_intensive-e33dd649,285.20000000003057
48_normal,default,3,io_intensive-265596ce,286.5500000000309
48_normal,default,3,io_intensive-e31091ac,308.1000000000358
48_normal,default,3,io_intensive-e0408b50,313.20000000003694
48_normal,default,3,io_intensive-72ab1be9,314.20000000003716
48_normal,default,3,io_intensive-07dc1441,319.6500000000384
48_normal,default,3,io_intensive-4205fce4,338.6000000000427
48_normal,default,3,io_intensive-7bc2255d,343.8000000000439
48_normal,default,3,io_intensive-d1ad52ac,347.0000000000446
48_normal,default,3,io_intensive-4319ca3f,353.80000000004617
48_normal,default,3,heavy-d1420280,369.6500000000498
48_normal,default,3,heavy-95b695f7,387.15000000005375
48_normal,default,3,heavy-bb60e13d,389.1500000000542
48_normal,default,3,heavy-2ae2194b,400.80000000005685
48_normal,default,3,heavy-ad9c16b0,411.5000000000593
48_normal,default,3,heavy-f09d95a9,414.50000000005997
48_normal,default,3,heavy-dfe512bd,424.4000000000622
48_normal,default,3,heavy-1bb646df,429.75000000006344
48_normal,default,3,slow_converging-108d782c,438.95000000006553
48_normal,default,3,slow_converging-5c31af1e,440.2500000000658
48_normal,default,3,heavy-b053f8a5,450.45000000006814
48_normal,default,3,slow_converging-705d7934,451.45000000006837
48_normal,default,3,heavy-a30848fc,451.45000000006837
48_normal,default,3,slow_converging-ab8a7508,455.1500000000692
48_normal,default,3,heavy-086dfda2,457.2500000000697
48_normal,default,3,heavy-8a1067fa,458.40000000006995
48_normal,default,3,slow_converging-617559e2,463.70000000007116
48_normal,default,3,slow_converging-fd839a18,465.40000000007154
48_normal,default,3,slow_converging-389d76ed,467.25000000007196
48_normal,custom_baseline,3,light-c74c23cc,14.350000000000069
48_normal,custom_baseline,3,light-7178b8cb,19.650000000000144
48_normal,custom_baseline,3,light-3eb2fa93,32.100000000000314
48_normal,custom_baseline,3,light-664e57c7,39.49999999999989
48_normal,custom_baseline,3,light-2f40485d,45.59999999999955
48_normal,custom_baseline,3,light-bf7f59dc,68.44999999999825
48_normal,custom_baseline,3,light-55375ed7,75.89999999999783
48_normal,custom_baseline,3,light-dc84b189,83.99999999999737
48_normal,custom_baseline,3,light-156b59ca,88.44999999999712
48_normal,custom_baseline,3,light-cc499b73,92.2499999999969
48_normal,custom_baseline,3,light-3420d76b,94.1499999999968
48_normal,custom_baseline,3,light-8919ec3f,141.54999999999794
48_normal,custom_baseline,3,light-7366d22a,152.3500000000004
48_normal,custom_baseline,3,light-a9bef854,187.5500000000084
48_normal,custom_baseline,3,io_intensive-394b35a4,200.10000000001125
48_normal,custom_baseline,3,io_intensive-7756e1ec,220.05000000001579
48_normal,custom_baseline,3,io_intensive-71bbad53,227.30000000001743
48_normal,custom_baseline,3,io_intensive-75a97fd0,233.65000000001888
48_normal,custom_baseline,3,io_intensive-e33dd649,251.70000000002298
48_normal,custom_baseline,3,io_intensive-1a61c137,253.20000000002332
48_normal,custom_baseline,3,io_intensive-265596ce,259.8500000000248
48_normal,custom_baseline,3,io_intensive-e31091ac,271.6500000000275
48_normal,custom_baseline,3,io_intensive-72ab1be9,282.10000000002987
48_normal,custom_baseline,3,io_intensive-e0408b50,287.6000000000311
48_normal,custom_baseline,3,io_intensive-07dc1441,289.15000000003147
48_normal,custom_baseline,3,io_intensive-7bc2255d,307.0000000000355
48_normal,custom_baseline,3,io_intensive-4205fce4,312.9500000000369
48_normal,custom_baseline,3,io_intensive-d1ad52ac,321.7500000000389
48_normal,custom_baseline,3,io_intensive-4319ca3f,325.3000000000397
48_normal,custom_baseline,3,heavy-d1420280,346.0500000000444
48_normal,custom_baseline,3,heavy-95b695f7,363.00000000004826
48_normal,custom_baseline,3,heavy-bb60e13d,369.2500000000497
48_normal,custom_baseline,3,heavy-2ae2194b,379.550000000052
48_normal,custom_baseline,3,heavy-f09d95a9,392.40000000005494
48_normal,custom_baseline,3,heavy-ad9c16b0,392.45000000005496
48_normal,custom_baseline,3,heavy-dfe512bd,406.15000000005807
48_normal,custom_baseline,3,heavy-1bb646df,411.0500000000592
48_normal,custom_baseline,3,slow_converging-108d782c,417.2000000000606
48_normal,custom_baseline,3,slow_converging-5c31af1e,417.85000000006073
48_normal,custom_baseline,3,slow_converging-705d7934,430.5000000000636
48_normal,custom_baseline,3,heavy-b053f8a5,431.3500000000638
48_normal,custom_baseline,3,heavy-a30848fc,431.8000000000639
48_normal,custom_baseline,3,slow_converging-ab8a7508,434.9000000000646
48_normal,custom_baseline,3,heavy-086dfda2,437.30000000006515
48_normal,custom_baseline,3,heavy-8a1067fa,438.95000000006553
48_normal,custom_baseline,3,slow_converging-617559e2,443.3000000000665
48_normal,custom_baseline,3,slow_converging-fd839a18,445.15000000006694
48_normal,custom_baseline,3,slow_converging-389d76ed,447.35000000006744
48_normal,custom_adaptive,3,light-c74c23cc,9.399999999999999
48_normal,custom_adaptive,3,light-3eb2fa93,12.450000000000042
48_normal,custom_adaptive,3,light-7178b8cb,14.950000000000077
48_normal,custom_adaptive,3,light-55375ed7,15.500000000000085
48_normal,custom_adaptive,3,light-cc499b73,16.6000000000001
48_normal,custom_adaptive,3,light-664e57c7,21.45000000000017
48_normal,custom_adaptive,3,light-2f40485d,22.350000000000183
48_normal,custom_adaptive,3,light-dc84b189,22.550000000000185
48_normal,custom_adaptive,3,light-156b59ca,25.65000000000023
48_normal,custom_adaptive,3,light-bf7f59dc,29.050000000000278
48_normal,custom_adaptive,3,light-3420d76b,30.150000000000293
48_normal,custom_adaptive,3,light-7366d22a,35.950000000000095
48_normal,custom_adaptive,3,light-8919ec3f,36.95000000000004
48_normal,custom_adaptive,3,light-a9bef854,43.849999999999646
48_normal,custom_adaptive,3,io_intensive-394b35a4,45.74999999999954
48_normal,custom_adaptive,3,io_intensive-71bbad53,53.99999999999907
48_normal,custom_adaptive,3,io_intensive-75a97fd0,55.39999999999899
48_normal,custom_adaptive,3,io_intensive-e31091ac,69.19999999999821
48_normal,custom_adaptive,3,io_intensive-7756e1ec,71.0999999999981
48_normal,custom_adaptive,3,io_intensive-7bc2255d,72.49999999999802
48_normal,custom_adaptive,3,io_intensive-e33dd649,76.29999999999781
48_normal,custom_adaptive,3,io_intensive-72ab1be9,87.59999999999717
48_normal,custom_adaptive,3,io_intensive-1a61c137,92.69999999999688
48_normal,custom_adaptive,3,io_intensive-07dc1441,94.49999999999677
48_normal,custom_adaptive,3,io_intensive-265596ce,104.6499999999962
48_normal,custom_adaptive,3,io_intensive-4319ca3f,106.59999999999609
48_normal,custom_adaptive,3,io_intensive-e0408b50,114.14999999999566
48_normal,custom_adaptive,3,io_intensive-4205fce4,121.24999999999525
48_normal,custom_adaptive,3,io_intensive-d1ad52ac,130.09999999999533
48_normal,custom_adaptive,3,heavy-95b695f7,143.9999999999985
48_normal,custom_adaptive,3,heavy-d1420280,160.00000000000213
48_normal,custom_adaptive,3,slow_converging-5c31af1e,180.1000000000067
48_normal,custom_adaptive,3,heavy-f09d95a9,214.8500000000146
48_normal,custom_adaptive,3,slow_converging-108d782c,217.85000000001529
48_normal,custom_adaptive,3,heavy-2ae2194b,241.75000000002072
48_normal,custom_adaptive,3,slow_converging-705d7934,280.6000000000295
48_normal,custom_adaptive,3,heavy-bb60e13d,289.00000000003143
48_normal,custom_adaptive,3,heavy-ad9c16b0,313.9000000000371
48_normal,custom_adaptive,3,slow_converging-ab8a7508,338.70000000004273
48_normal,custom_adaptive,3,slow_converging-617559e2,338.80000000004276
48_normal,custom_adaptive,3,heavy-1bb646df,350.8000000000455
48_normal,custom_adaptive,3,slow_converging-fd839a18,351.15000000004557
48_normal,custom_adaptive,3,heavy-dfe512bd,351.6500000000457
48_normal,custom_adaptive,3,heavy-086dfda2,357.70000000004705
48_normal,custom_adaptive,3,heavy-a30848fc,358.60000000004726
48_normal,custom_adaptive,3,heavy-b053f8a5,364.4500000000486
48_normal,custom_adaptive,3,slow_converging-389d76ed,370.3000000000499
48_normal,custom_adaptive,3,heavy-8a1067fa,372.10000000005033
48_normal,reversed,3,light-7178b8cb,147.0499999999992
48_normal,reversed,3,light-bf7f59dc,158.45000000000178
48_normal,reversed,3,light-2f40485d,159.25000000000196
48_normal,reversed,3,light-664e57c7,161.95000000000258
48_normal,reversed,3,light-3420d76b,194.65000000001
48_normal,reversed,3,light-3eb2fa93,196.00000000001032
48_normal,reversed,3,light-156b59ca,196.05000000001033
48_normal,reversed,3,light-c74c23cc,199.75000000001117
48_normal,reversed,3,light-dc84b189,219.50000000001566
48_normal,reversed,3,light-8919ec3f,229.10000000001784
48_normal,reversed,3,light-7366d22a,245.90000000002166
48_normal,reversed,3,light-55375ed7,254.4500000000236
48_normal,reversed,3,light-a9bef854,273.30000000002786
48_normal,reversed,3,io_intensive-394b35a4,281.95000000002983
48_normal,reversed,3,light-cc499b73,282.2000000000299
48_normal,reversed,3,io_intensive-7756e1ec,283.9000000000303
48_normal,reversed,3,io_intensive-71bbad53,304.650000000035
48_normal,reversed,3,io_intensive-1a61c137,306.4500000000354
48_normal,reversed,3,io_intensive-75a97fd0,307.55000000003565
48_normal,reversed,3,io_intensive-265596ce,308.1000000000358
48_normal,reversed,3,io_intensive-e33dd649,313.0000000000369
48_normal,reversed,3,io_intensive-e0408b50,334.6500000000418
48_normal,reversed,3,io_intensive-e31091ac,337.5500000000425
48_normal,reversed,3,io_intensive-72ab1be9,340.50000000004314
48_normal,reversed,3,io_intensive-07dc1441,345.1500000000442
48_normal,reversed,3,io_intensive-4205fce4,359.2000000000474
48_normal,reversed,3,io_intensive-d1ad52ac,366.55000000004907
48_normal,reversed,3,io_intensive-7bc2255d,372.4500000000504
48_normal,reversed,3,io_intensive-4319ca3f,377.3000000000515
48_normal,reversed,3,heavy-d1420280,386.5500000000536
48_normal,reversed,3,heavy-bb60e13d,393.35000000005516
48_normal,reversed,3,heavy-95b695f7,405.800000000058
48_normal,reversed,3,heavy-dfe512bd,412.4000000000595
48_normal,reversed,3,heavy-2ae2194b,412.70000000005956
48_normal,reversed,3,heavy-ad9c16b0,415.35000000006016
48_normal,reversed,3,heavy-1bb646df,422.1000000000617
48_normal,reversed,3,heavy-f09d95a9,426.0500000000626
48_normal,reversed,3,heavy-b053f8a5,439.6500000000657
48_normal,reversed,3,slow_converging-108d782c,448.1000000000676
48_normal,reversed,3,heavy-a30848fc,449.25000000006787
48_normal,reversed,3,slow_converging-5c31af1e,450.10000000006806
48_normal,reversed,3,heavy-8a1067fa,451.40000000006836
48_normal,reversed,3,slow_converging-705d7934,456.4000000000695
48_normal,reversed,3,slow_converging-ab8a7508,457.6500000000698
48_normal,reversed,3,heavy-086dfda2,457.8500000000698
48_normal,reversed,3,slow_converging-617559e2,466.4500000000718
48_normal,reversed,3,slow_converging-389d76ed,467.15000000007194
48_normal,reversed,3,slow_converging-fd839a18,467.8500000000721
48_normal,default,4,light-43764c77,97.4499999999966
48_normal,default,4,light-4a6d8c20,97.74999999999659
48_normal,default,4,light-c24e80c5,103.84999999999624
48_normal,default,4,light-e65e6460,106.4499999999961
48_normal,default,4,light-1fde7643,122.34999999999519
48_normal,default,4,light-fbb82130,130.8499999999955
48_normal,default,4,light-f0c522d1,151.1000000000001
48_normal,default,4,light-22acfab0,162.9500000000028
48_normal,default,4,light-cf356284,174.30000000000538
48_normal,default,4,light-275defa1,176.35000000000585
48_normal,default,4,light-5bcc10fa,180.45000000000678
48_normal,default,4,light-10142108,194.2000000000099
48_normal,default,4,light-583e5993,204.00000000001214
48_normal,default,4,light-095d45ab,209.05000000001328
48_normal,default,4,light-aabfe889,211.40000000001382
48_normal,default,4,light-95a2a43e,212.05000000001397
48_normal,default,4,light-94f71d62,218.70000000001548
48_normal,default,4,io_intensive-35b34b85,258.65000000002453
48_normal,default,4,io_intensive-3ac1a07a,261.0500000000251
48_normal,default,4,io_intensive-cfc94cf6,283.4500000000302
48_normal,default,4,io_intensive-154b4eac,286.40000000003084
48_normal,default,4,io_intensive-59b92974,288.15000000003124
48_normal,default,4,io_intensive-1d9b891c,288.3500000000313
48_normal,default,4,io_intensive-52c47d3f,289.60000000003157
48_normal,default,4,io_intensive-6c63ec03,318.7500000000382
48_normal,default,4,io_intensive-2ad62533,335.1000000000419
48_normal,default,4,heavy-851001cb,369.90000000004983
48_normal,default,4,heavy-5630e328,411.6500000000593
48_normal,default,4,slow_converging-36b49688,419.65000000006114
48_normal,default,4,heavy-66149cd4,424.7500000000623
48_normal,default,4,heavy-0506654e,429.9500000000635
48_normal,default,4,slow_converging-0d903bde,436.1000000000649
48_normal,default,4,heavy-799e3dd2,440.5500000000659
48_normal,default,4,slow_converging-b2cdcd01,443.05000000006646
48_normal,default,4,slow_converging-b352f4bd,445.9500000000671
48_normal,default,4,heavy-a683d2b6,453.7000000000689
48_normal,default,4,heavy-9c770843,456.0500000000694
48_normal,default,4,heavy-0b1a4cd0,458.1000000000699
48_normal,default,4,slow_converging-91f136a9,458.55000000007
48_normal,default,4,heavy-9c7ced2c,469.0500000000724
48_normal,default,4,heavy-1015d5cb,469.2500000000724
48_normal,default,4,heavy-caa86dc6,470.70000000007275
48_normal,default,4,heavy-b05f107b,474.65000000007365
48_normal,default,4,heavy-95e53402,475.4000000000738
48_normal,default,4,slow_converging-567de132,475.4500000000738
48_normal,default,4,heavy-5858f10d,475.90000000007393
48_normal,default,4,slow_converging-e0bb92d3,482.4000000000754
48_normal,default,4,slow_converging-413602a0,483.90000000007575
48_normal,custom_baseline,4,light-fbb82130,18.250000000000124
48_normal,custom_baseline,4,light-22acfab0,18.300000000000125
48_normal,custom_baseline,4,light-c24e80c5,20.350000000000154
48_normal,custom_baseline,4,light-43764c77,27.10000000000025
48_normal,custom_baseline,4,light-4a6d8c20,46.349999999999504
48_normal,custom_baseline,4,light-1fde7643,74.09999999999793
48_normal,custom_baseline,4,light-e65e6460,76.5499999999978
48_normal,custom_baseline,4,light-94f71d62,76.64999999999779
48_normal,custom_baseline,4,light-10142108,77.39999999999775
48_normal,custom_baseline,4,light-5bcc10fa,106.04999999999612
48_normal,custom_baseline,4,light-f0c522d1,110.34999999999587
48_normal,custom_baseline,4,light-cf356284,112.24999999999577
48_normal,custom_baseline,4,light-095d45ab,119.84999999999533
48_normal,custom_baseline,4,light-583e5993,135.84999999999664
48_normal,custom_baseline,4,light-275defa1,138.19999999999717
48_normal,custom_baseline,4,light-95a2a43e,158.9500000000019
48_normal,custom_baseline,4,light-aabfe889,163.850000000003
48_normal,custom_baseline,4,io_intensive-3ac1a07a,224.60000000001682
48_normal,custom_baseline,4,io_intensive-35b34b85,229.4000000000179
48_normal,custom_baseline,4,io_intensive-154b4eac,246.25000000002174
48_normal,custom_baseline,4,io_intensive-59b92974,249.90000000002257
48_normal,custom_baseline,4,io_intensive-cfc94cf6,250.55000000002272
48_normal,custom_baseline,4,io_intensive-52c47d3f,254.8500000000237
48_normal,custom_baseline,4,io_intensive-1d9b891c,257.3000000000242
48_normal,custom_baseline,4,io_intensive-6c63ec03,289.3500000000315
48_normal,custom_baseline,4,io_intensive-2ad62533,306.60000000003544
48_normal,custom_baseline,4,heavy-851001cb,345.1500000000442
48_normal,custom_baseline,4,heavy-5630e328,393.0000000000551
48_normal,custom_baseline,4,slow_converging-36b49688,394.0500000000553
48_normal,custom_baseline,4,heavy-66149cd4,406.10000000005806
48_normal,custom_baseline,4,heavy-0506654e,410.250000000059
48_normal,custom_baseline,4,slow_converging-0d903bde,411.80000000005936
48_normal,custom_baseline,4,slow_converging-b2cdcd01,418.2000000000608
48_normal,custom_baseline,4,heavy-799e3dd2,421.6000000000616
48_normal,custom_baseline,4,slow_converging-b352f4bd,423.500000000062
48_normal,custom_baseline,4,heavy-a683d2b6,433.0000000000642
48_normal,custom_baseline,4,slow_converging-91f136a9,436.1000000000649
48_normal,custom_baseline,4,heavy-9c770843,437.70000000006524
48_normal,custom_baseline,4,heavy-0b1a4cd0,438.15000000006535
48_normal,custom_baseline,4,heavy-1015d5cb,449.95000000006803
48_normal,custom_baseline,4,heavy-9c7ced2c,450.3500000000681
48_normal,custom_baseline,4,heavy-caa86dc6,451.6000000000684
48_normal,custom_baseline,4,slow_converging-567de132,455.0000000000692
48_normal,custom_baseline,4,heavy-b05f107b,455.6000000000693
48_normal,custom_baseline,4,heavy-95e53402,456.3500000000695
48_normal,custom_baseline,4,heavy-5858f10d,456.4000000000695
48_normal,custom_baseline,4,slow_converging-e0bb92d3,462.1500000000708
48_normal,custom_baseline,4,slow_converging-413602a0,463.8000000000712
48_normal,custom_adaptive,4,light-22acfab0,10.300000000000011
48_normal,custom_adaptive,4,light-fbb82130,10.300000000000011
48_normal,custom_adaptive,4,light-94f71d62,15.650000000000087
48_normal,custom_adaptive,4,light-10142108,15.700000000000088
48_normal,custom_adaptive,4,light-c24e80c5,15.900000000000091
48_normal,custom_adaptive,4,light-43764c77,20.900000000000162
48_normal,custom_adaptive,4,light-095d45ab,24.150000000000208
48_normal,custom_adaptive,4,light-5bcc10fa,27.20000000000025
48_normal,custom_adaptive,4,light-4a6d8c20,29.450000000000284
48_normal,custom_adaptive,4,light-583e5993,30.150000000000293
48_normal,custom_adaptive,4,light-cf356284,31.050000000000306
48_normal,custom_adaptive,4,light-1fde7643,33.90000000000021
48_normal,custom_adaptive,4,light-f0c522d1,39.14999999999991
48_normal,custom_adaptive,4,light-e65e6460,39.69999999999988
48_normal,custom_adaptive,4,light-95a2a43e,42.54999999999972
48_normal,custom_adaptive,4,light-aabfe889,44.44999999999961
48_normal,custom_adaptive,4,light-275defa1,49.39999999999933
48_normal,custom_adaptive,4,io_intensive-154b4eac,61.799999999998626
48_normal,custom_adaptive,4,io_intensive-3ac1a07a,63.399999999998535
48_normal,custom_adaptive,4,io_intensive-59b92974,64.34999999999849
48_normal,custom_adaptive,4,io_intensive-52c47d3f,71.39999999999809
48_normal,custom_adaptive,4,io_intensive-cfc94cf6,77.74999999999773
48_normal,custom_adaptive,4,io_intensive-35b34b85,81.99999999999748
48_normal,custom_adaptive,4,io_intensive-1d9b891c,84.19999999999736
48_normal,custom_adaptive,4,io_intensive-6c63ec03,97.4499999999966
48_normal,custom_adaptive,4,io_intensive-2ad62533,108.64999999999597
48_normal,custom_adaptive,4,slow_converging-36b49688,139.84999999999755
48_normal,custom_adaptive,4,slow_converging-b2cdcd01,156.85000000000142
48_normal,custom_adaptive,4,heavy-851001cb,157.80000000000163
48_normal,custom_adaptive,4,slow_converging-0d903bde,171.65000000000478
48_normal,custom_adaptive,4,slow_converging-91f136a9,241.10000000002057
48_normal,custom_adaptive,4,slow_converging-b352f4bd,248.45000000002224
48_normal,custom_adaptive,4,heavy-0506654e,301.1500000000342
48_normal,custom_adaptive,4,heavy-5630e328,321.9500000000389
48_normal,custom_adaptive,4,slow_converging-567de132,323.75000000003934
48_normal,custom_adaptive,4,heavy-a683d2b6,335.0000000000419
48_normal,custom_adaptive,4,heavy-66149cd4,339.15000000004284
48_normal,custom_adaptive,4,heavy-0b1a4cd0,347.8500000000448
48_normal,custom_adaptive,4,heavy-799e3dd2,355.40000000004653
48_normal,custom_adaptive,4,slow_converging-e0bb92d3,357.20000000004694
48_normal,custom_adaptive,4,slow_converging-413602a0,367.5000000000493
48_normal,custom_adaptive,4,heavy-9c770843,379.8500000000521
48_normal,custom_adaptive,4,heavy-1015d5cb,382.2000000000526
48_normal,custom_adaptive,4,heavy-5858f10d,385.1000000000533
48_normal,custom_adaptive,4,heavy-caa86dc6,385.5500000000534
48_normal,custom_adaptive,4,heavy-9c7ced2c,389.6000000000543
48_normal,custom_adaptive,4,heavy-b05f107b,391.50000000005474
48_normal,custom_adaptive,4,heavy-95e53402,395.05000000005555
48_normal,reversed,4,light-4a6d8c20,134.7999999999964
48_normal,reversed,4,light-e65e6460,135.99999999999667
48_normal,reversed,4,light-43764c77,138.94999999999735
48_normal,reversed,4,light-c24e80c5,147.4999999999993
48_normal,reversed,4,light-1fde7643,157.2500000000015
48_normal,reversed,4,light-fbb82130,176.50000000000588
48_normal,reversed,4,light-f0c522d1,186.2000000000081
48_normal,reversed,4,light-275defa1,205.40000000001245
48_normal,reversed,4,light-22acfab0,209.35000000001335
48_normal,reversed,4,light-cf356284,212.250000000014
48_normal,reversed,4,light-5bcc10fa,220.05000000001579
48_normal,reversed,4,light-10142108,237.55000000001976
48_normal,reversed,4,light-583e5993,243.8500000000212
48_normal,reversed,4,light-aabfe889,244.40000000002132
48_normal,reversed,4,light-95a2a43e,247.400000000022
48_normal,reversed,4,light-095d45ab,250.75000000002277
48_normal,reversed,4,light-94f71d62,262.30000000002536
48_normal,reversed,4,io_intensive-35b34b85,282.50000000002996
48_normal,reversed,4,io_intensive-3ac1a07a,289.6500000000316
48_normal,reversed,4,io_intensive-cfc94cf6,309.80000000003616
48_normal,reversed,4,io_intensive-1d9b891c,314.60000000003726
48_normal,reversed,4,io_intensive-154b4eac,316.6000000000377
48_normal,reversed,4,io_intensive-52c47d3f,317.15000000003783
48_normal,reversed,4,io_intensive-59b92974,317.3500000000379
48_normal,reversed,4,io_intensive-6c63ec03,342.6000000000436
48_normal,reversed,4,io_intensive-2ad62533,357.8500000000471
48_normal,reversed,4,heavy-851001cb,388.350000000054
48_normal,reversed,4,heavy-5630e328,414.9500000000601
48_normal,reversed,4,heavy-66149cd4,425.7500000000625
48_normal,reversed,4,heavy-0506654e,440.30000000006584
48_normal,reversed,4,slow_converging-36b49688,440.5000000000659
48_normal,reversed,4,heavy-799e3dd2,441.100000000066
48_normal,reversed,4,heavy-9c770843,446.45000000006723
48_normal,reversed,4,slow_converging-0d903bde,452.20000000006854
48_normal,reversed,4,slow_converging-b2cdcd01,458.85000000007005
48_normal,reversed,4,heavy-9c7ced2c,458.90000000007007
48_normal,reversed,4,slow_converging-b352f4bd,459.0000000000701
48_normal,reversed,4,heavy-a683d2b6,461.45000000007065
48_normal,reversed,4,heavy-0b1a4cd0,464.7000000000714
48_normal,reversed,4,heavy-95e53402,467.0500000000719
48_normal,reversed,4,slow_converging-91f136a9,468.90000000007234
48_normal,reversed,4,heavy-caa86dc6,469.1500000000724
48_normal,reversed,4,heavy-1015d5cb,469.1500000000724
48_normal,reversed,4,heavy-b05f107b,469.7000000000725
48_normal,reversed,4,heavy-5858f10d,474.4000000000736
48_normal,reversed,4,slow_converging-567de132,477.2000000000742
48_normal,reversed,4,slow_converging-e0bb92d3,483.90000000007575
48_normal,reversed,4,slow_converging-413602a0,485.20000000007605
48_half,default,0,light-f3c7ec52,47.44999999999944
48_half,default,0,light-0c371960,47.549999999999436
48_half,default,0,light-6b04fb2d,56.49999999999893
48_half,default,0,light-316d35a1,60.64999999999869
48_half,default,0,light-6b4c7a6b,65.04999999999845
48_half,default,0,light-1ce6ed74,66.44999999999837
48_half,default,0,light-a5829960,66.79999999999835
48_half,default,0,light-b0eacf37,83.3999999999974
48_half,default,0,light-aed4f4df,88.09999999999714
48_half,default,0,light-c7ba6dd3,98.04999999999657
48_half,default,0,light-bf76fbca,101.34999999999638
48_half,default,0,light-d6d177bf,102.19999999999634
48_half,default,0,light-fcb65e95,102.34999999999633
48_half,default,0,light-f06be365,102.59999999999631
48_half,default,0,light-d366fad7,104.29999999999622
48_half,default,0,light-03d7e3ab,105.69999999999614
48_half,default,0,light-8cc9bf5a,112.54999999999575
48_half,default,0,io_intensive-801f4d83,117.29999999999548
48_half,default,0,io_intensive-2c588710,132.5999999999959
48_half,default,0,io_intensive-56f2b4b1,142.59999999999818
48_half,default,0,io_intensive-e1588003,150.39999999999995
48_half,default,0,io_intensive-720ce44a,157.90000000000165
48_half,default,0,io_intensive-ac021e92,166.25000000000355
48_half,default,0,io_intensive-277f39a9,166.25000000000355
48_half,default,0,io_intensive-7e12dc7d,170.4500000000045
48_half,default,0,io_intensive-4cee8cab,176.95000000000599
48_half,default,0,io_intensive-dc68501c,177.25000000000605
48_half,default,0,slow_converging-1150ed1c,215.60000000001477
48_half,default,0,heavy-e9112336,216.1000000000149
48_half,default,0,slow_converging-e4ebebab,223.95000000001667
48_half,default,0,slow_converging-1add5a19,225.10000000001693
48_half,default,0,slow_converging-946ede3d,225.90000000001712
48_half,default,0,heavy-f8577571,229.20000000001787
48_half,default,0,slow_converging-3f37af70,237.50000000001975
48_half,default,0,slow_converging-ac4bef1b,238.30000000001993
48_half,default,0,slow_converging-7c3f66c9,247.15000000002195
48_half,default,0,heavy-2a1a3102,247.50000000002203
48_half,default,0,heavy-1eaae6a7,248.55000000002227
48_half,default,0,heavy-e75cd3be,248.80000000002232
48_half,default,0,slow_converging-1f022d21,250.65000000002274
48_half,default,0,slow_converging-81a9cde5,251.10000000002285
48_half,default,0,heavy-5e2b198d,251.3000000000229
48_half,default,0,slow_converging-6d123097,251.45000000002292
48_half,default,0,slow_converging-4329b280,251.95000000002304
48_half,default,0,slow_converging-2f9820a3,252.50000000002316
48_half,default,0,slow_converging-d9eba793,253.20000000002332
48_half,default,0,slow_converging-7b5e7afc,253.45000000002338
48_half,default,0,slow_converging-f8f5cf85,254.55000000002363
48_half,custom_baseline,0,light-6b4c7a6b,4.549999999999992
48_half,custom_baseline,0,light-a5829960,5.649999999999988
48_half,custom_baseline,0,light-6b04fb2d,6.0499999999999865
48_half,custom_baseline,0,light-0c371960,8.84999999999999
48_half,custom_baseline,0,light-f3c7ec52,10.050000000000008
48_half,custom_baseline,0,light-03d7e3ab,11.100000000000023
48_half,custom_baseline,0,light-d366fad7,12.100000000000037
48_half,custom_baseline,0,light-316d35a1,13.350000000000055
48_half,custom_baseline,0,light-c7ba6dd3,15.950000000000092
48_half,custom_baseline,0,light-aed4f4df,17.700000000000117
48_half,custom_baseline,0,light-1ce6ed74,21.45000000000017
48_half,custom_baseline,0,light-f06be365,21.900000000000176
48_half,custom_baseline,0,light-b0eacf37,27.00000000000025
48_half,custom_baseline,0,light-8cc9bf5a,27.350000000000254
48_half,custom_baseline,0,light-d6d177bf,27.400000000000254
48_half,custom_baseline,0,light-fcb65e95,35.8500000000001
48_half,custom_baseline,0,light-bf76fbca,38.14999999999997
48_half,custom_baseline,0,io_intensive-801f4d83,75.99999999999783
48_half,custom_baseline,0,io_intensive-2c588710,80.14999999999759
48_half,custom_baseline,0,io_intensive-e1588003,89.99999999999703
48_half,custom_baseline,0,io_intensive-56f2b4b1,97.04999999999663
48_half,custom_baseline,0,io_intensive-7e12dc7d,115.39999999999559
48_half,custom_baseline,0,io_intensive-ac021e92,117.64999999999546
48_half,custom_baseline,0,io_intensive-720ce44a,122.49999999999518
48_half,custom_baseline,0,io_intensive-277f39a9,132.24999999999582
48_half,custom_baseline,0,io_intensive-4cee8cab,136.74999999999685
48_half,custom_baseline,0,io_intensive-dc68501c,138.89999999999733
48_half,custom_baseline,0,slow_converging-1150ed1c,184.70000000000775
48_half,custom_baseline,0,heavy-e9112336,187.9500000000085
48_half,custom_baseline,0,slow_converging-1add5a19,193.00000000000963
48_half,custom_baseline,0,slow_converging-e4ebebab,196.7500000000105
48_half,custom_baseline,0,slow_converging-946ede3d,199.65000000001115
48_half,custom_baseline,0,slow_converging-ac4bef1b,210.25000000001356
48_half,custom_baseline,0,heavy-f8577571,211.50000000001384
48_half,custom_baseline,0,slow_converging-3f37af70,212.55000000001408
48_half,custom_baseline,0,slow_converging-7c3f66c9,223.45000000001656
48_half,custom_baseline,0,heavy-1eaae6a7,227.80000000001755
48_half,custom_baseline,0,slow_converging-6d123097,228.55000000001772
48_half,custom_baseline,0,heavy-2a1a3102,228.75000000001776
48_half,custom_baseline,0,slow_converging-81a9cde5,228.9000000000178
48_half,custom_baseline,0,slow_converging-1f022d21,229.25000000001788
48_half,custom_baseline,0,heavy-e75cd3be,229.60000000001796
48_half,custom_baseline,0,slow_converging-4329b280,230.2500000000181
48_half,custom_baseline,0,heavy-5e2b198d,231.30000000001834
48_half,custom_baseline,0,slow_converging-2f9820a3,231.80000000001846
48_half,custom_baseline,0,slow_converging-7b5e7afc,232.30000000001857
48_half,custom_baseline,0,slow_converging-d9eba793,232.60000000001864
48_half,custom_baseline,0,slow_converging-f8f5cf85,233.85000000001892
48_half,custom_adaptive,0,light-6b4c7a6b,4.549999999999992
48_half,custom_adaptive,0,light-a5829960,5.649999999999988
48_half,custom_adaptive,0,light-6b04fb2d,6.0499999999999865
48_half,custom_adaptive,0,light-0c371960,8.699999999999989
48_half,custom_adaptive,0,light-f3c7ec52,9.750000000000004
48_half,custom_adaptive,0,light-03d7e3ab,10.600000000000016
48_half,custom_adaptive,0,light-d366fad7,11.400000000000027
48_half,custom_adaptive,0,light-316d35a1,13.100000000000051
48_half,custom_adaptive,0,light-c7ba6dd3,14.650000000000073
48_half,custom_adaptive,0,light-aed4f4df,15.950000000000092
48_half,custom_adaptive,0,light-f06be365,17.95000000000012
48_half,custom_adaptive,0,light-1ce6ed74,19.600000000000144
48_half,custom_adaptive,0,light-8cc9bf5a,20.200000000000152
48_half,custom_adaptive,0,light-d6d177bf,20.950000000000163
48_half,custom_adaptive,0,light-b0eacf37,22.75000000000019
48_half,custom_adaptive,0,light-fcb65e95,25.850000000000232
48_half,custom_adaptive,0,light-bf76fbca,26.650000000000244
48_half,custom_adaptive,0,io_intensive-e1588003,32.600000000000286
48_half,custom_adaptive,0,io_intensive-2c588710,34.900000000000155
48_half,custom_adaptive,0,io_intensive-7e12dc7d,36.150000000000084
48_half,custom_adaptive,0,io_intensive-ac021e92,39.74999999999988
48_half,custom_adaptive,0,io_intensive-801f4d83,42.449999999999726
48_half,custom_adaptive,0,io_intensive-56f2b4b1,42.69999999999971
48_half,custom_adaptive,0,io_intensive-4cee8cab,50.49999999999927
48_half,custom_adaptive,0,io_intensive-dc68501c,54.09999999999906
48_half,custom_adaptive,0,io_intensive-720ce44a,54.29999999999905
48_half,custom_adaptive,0,io_intensive-277f39a9,56.349999999998936
48_half,custom_adaptive,0,slow_converging-1add5a19,76.09999999999782
48_half,custom_adaptive,0,slow_converging-1150ed1c,78.64999999999768
48_half,custom_adaptive,0,heavy-e9112336,81.54999999999751
48_half,custom_adaptive,0,slow_converging-ac4bef1b,85.1999999999973
48_half,custom_adaptive,0,slow_converging-e4ebebab,90.14999999999702
48_half,custom_adaptive,0,slow_converging-946ede3d,96.09999999999668
48_half,custom_adaptive,0,slow_converging-3f37af70,103.69999999999625
48_half,custom_adaptive,0,slow_converging-6d123097,115.29999999999559
48_half,custom_adaptive,0,slow_converging-7c3f66c9,119.24999999999537
48_half,custom_adaptive,0,slow_converging-81a9cde5,127.3499999999949
48_half,custom_adaptive,0,slow_converging-4329b280,135.94999999999666
48_half,custom_adaptive,0,slow_converging-1f022d21,143.1499999999983
48_half,custom_adaptive,0,slow_converging-7b5e7afc,153.15000000000057
48_half,custom_adaptive,0,heavy-1eaae6a7,157.7000000000016
48_half,custom_adaptive,0,slow_converging-2f9820a3,168.7000000000041
48_half,custom_adaptive,0,slow_converging-f8f5cf85,179.95000000000667
48_half,custom_adaptive,0,heavy-f8577571,182.7000000000073
48_half,custom_adaptive,0,slow_converging-d9eba793,185.15000000000785
48_half,custom_adaptive,0,heavy-e75cd3be,193.80000000000982
48_half,custom_adaptive,0,heavy-2a1a3102,198.80000000001095
48_half,custom_adaptive,0,heavy-5e2b198d,205.6000000000125
48_half,reversed,0,light-f3c7ec52,88.94999999999709
48_half,reversed,0,light-0c371960,90.34999999999701
48_half,reversed,0,light-1ce6ed74,99.04999999999652
48_half,reversed,0,light-316d35a1,100.29999999999644
48_half,reversed,0,light-6b04fb2d,102.44999999999632
48_half,reversed,0,light-6b4c7a6b,112.64999999999574
48_half,reversed,0,light-a5829960,113.4499999999957
48_half,reversed,0,light-b0eacf37,115.49999999999558
48_half,reversed,0,light-aed4f4df,127.64999999999489
48_half,reversed,0,light-bf76fbca,131.19999999999558
48_half,reversed,0,light-fcb65e95,134.7999999999964
48_half,reversed,0,light-d6d177bf,139.39999999999745
48_half,reversed,0,light-c7ba6dd3,139.74999999999753
48_half,reversed,0,light-f06be365,139.79999999999754
48_half,reversed,0,io_intensive-801f4d83,141.64999999999796
48_half,reversed,0,light-d366fad7,146.04999999999896
48_half,reversed,0,light-8cc9bf5a,149.09999999999965
48_half,reversed,0,light-03d7e3ab,149.49999999999974
48_half,reversed,0,io_intensive-2c588710,161.1500000000024
48_half,reversed,0,io_intensive-56f2b4b1,169.1000000000042
48_half,reversed,0,io_intensive-720ce44a,179.90000000000666
48_half,reversed,0,io_intensive-e1588003,180.90000000000688
48_half,reversed,0,io_intensive-277f39a9,187.35000000000835
48_half,reversed,0,io_intensive-ac021e92,193.65000000000978
48_half,reversed,0,io_intensive-7e12dc7d,199.15000000001103
48_half,reversed,0,io_intensive-dc68501c,200.90000000001143
48_half,reversed,0,io_intensive-4cee8cab,201.7000000000116
48_half,reversed,0,heavy-f8577571,209.9500000000135
48_half,reversed,0,heavy-2a1a3102,225.450000000017
48_half,reversed,0,heavy-5e2b198d,228.75000000001776
48_half,reversed,0,heavy-e9112336,231.80000000001846
48_half,reversed,0,slow_converging-1150ed1c,233.40000000001882
48_half,reversed,0,heavy-e75cd3be,233.90000000001893
48_half,reversed,0,slow_converging-e4ebebab,237.10000000001966
48_half,reversed,0,slow_converging-946ede3d,237.7000000000198
48_half,reversed,0,slow_converging-1add5a19,240.85000000002051
48_half,reversed,0,slow_converging-3f37af70,246.00000000002169
48_half,reversed,0,heavy-1eaae6a7,248.15000000002217
48_half,reversed,0,slow_converging-ac4bef1b,249.35000000002245
48_half,reversed,0,slow_converging-d9eba793,250.20000000002264
48_half,reversed,0,slow_converging-7c3f66c9,251.45000000002292
48_half,reversed,0,slow_converging-1f022d21,252.10000000002307
48_half,reversed,0,slow_converging-2f9820a3,252.2000000000231
48_half,reversed,0,slow_converging-81a9cde5,253.25000000002333
48_half,reversed,0,slow_converging-4329b280,253.5000000000234
48_half,reversed,0,slow_converging-f8f5cf85,253.65000000002343
48_half,reversed,0,slow_converging-6d123097,254.05000000002352
48_half,reversed,0,slow_converging-7b5e7afc,254.20000000002355
48_half,default,1,light-b95d00d2,50.44999999999927
48_half,default,1,light-4d8ce825,70.09999999999816
48_half,default,1,light-653ba819,90.89999999999698
48_half,default,1,light-1fe48a4c,109.14999999999594
48_half,default,1,light-91c8efbd,109.14999999999594
48_half,default,1,light-1549d34d,112.29999999999576
48_half,default,1,light-4ecb37d5,112.49999999999575
48_half,default,1,light-f0e06c1a,118.04999999999544
48_half,default,1,light-314bdd08,121.19999999999526
48_half,default,1,light-9fec2c93,121.24999999999525
48_half,default,1,light-6df0a540,124.54999999999507
48_half,default,1,light-1cabeae6,126.04999999999498
48_half,default,1,light-db6aa5f1,128.99999999999508
48_half,default,1,io_intensive-294ebde6,130.49999999999542
48_half,default,1,io_intensive-b70a96b7,136.5499999999968
48_half,default,1,io_intensive-39f181ec,137.0499999999969
48_half,default,1,io_intensive-7463d4c2,140.0999999999976
48_half,default,1,io_intensive-4a9f3a8d,143.0999999999983
48_half,default,1,io_intensive-010f55cf,143.5499999999984
48_half,default,1,io_intensive-bcf7521f,144.79999999999868
48_half,default,1,io_intensive-3c60114e,149.49999999999974
48_half,default,1,io_intensive-73bfa695,153.60000000000068
48_half,default,1,io_intensive-3b99426c,156.3000000000013
48_half,default,1,io_intensive-1fb0d0fa,156.55000000000135
48_half,default,1,io_intensive-0d2a0426,171.2500000000047
48_half,default,1,io_intensive-4692b40e,182.65000000000728
48_half,default,1,io_intensive-0852726e,189.15000000000876
48_half,default,1,heavy-12b33972,207.850000000013
48_half,default,1,heavy-0fa05f85,208.95000000001326
48_half,default,1,heavy-6a995585,209.65000000001342
48_half,default,1,heavy-cb7f622b,217.20000000001514
48_half,default,1,heavy-ef30f4f5,222.50000000001634
48_half,default,1,heavy-f281bed7,223.50000000001657
48_half,default,1,heavy-f016afa8,226.45000000001724
48_half,default,1,slow_converging-4343f4c0,227.1500000000174
48_half,default,1,heavy-42a91c0c,230.30000000001812
48_half,default,1,slow_converging-1c60b7ae,238.50000000001998
48_half,default,1,heavy-efadea4d,238.50000000001998
48_half,default,1,slow_converging-0c940119,238.60000000002
48_half,default,1,heavy-f0910a7b,241.2500000000206
48_half,default,1,slow_converging-2dbf0b30,241.85000000002074
48_half,default,1,heavy-11800b56,242.65000000002092
48_half,default,1,slow_converging-a843f9c1,242.75000000002095
48_half,default,1,slow_converging-7c869ae3,243.4500000000211
48_half,default,1,slow_converging-81b4e5ed,243.60000000002114
48_half,default,1,slow_converging-640c206e,244.00000000002123
48_half,default,1,slow_converging-57515690,245.35000000002154
48_half,default,1,slow_converging-dd47873f,247.15000000002195
48_half,custom_baseline,1,light-653ba819,6.149999999999986
48_half,custom_baseline,1,light-db6aa5f1,12.700000000000045
48_half,custom_baseline,1,light-b95d00d2,12.950000000000049
48_half,custom_baseline,1,light-f0e06c1a,13.650000000000059
48_half,custom_baseline,1,light-1549d34d,15.15000000000008
48_half,custom_baseline,1,light-4d8ce825,19.550000000000143
48_half,custom_baseline,1,light-9fec2c93,20.300000000000153
48_half,custom_baseline,1,light-1fe48a4c,21.050000000000164
48_half,custom_baseline,1,light-91c8efbd,26.600000000000243
48_half,custom_baseline,1,light-1cabeae6,43.499999999999666
48_half,custom_baseline,1,light-4ecb37d5,45.24999999999957
48_half,custom_baseline,1,light-6df0a540,46.19999999999951
48_half,custom_baseline,1,light-314bdd08,48.39999999999939
48_half,custom_baseline,1,io_intensive-b70a96b7,72.34999999999803
48_half,custom_baseline,1,io_intensive-294ebde6,78.54999999999768
48_half,custom_baseline,1,io_intensive-39f181ec,81.19999999999753
48_half,custom_baseline,1,io_intensive-4a9f3a8d,84.19999999999736
48_half,custom_baseline,1,io_intensive-7463d4c2,93.59999999999683
48_half,custom_baseline,1,io_intensive-bcf7521f,103.89999999999624
48_half,custom_baseline,1,io_intensive-73bfa695,105.39999999999615
48_half,custom_baseline,1,io_intensive-010f55cf,105.49999999999615
48_half,custom_baseline,1,io_intensive-3b99426c,112.99999999999572
48_half,custom_baseline,1,io_intensive-3c60114e,114.94999999999561
48_half,custom_baseline,1,io_intensive-1fb0d0fa,124.89999999999505
48_half,custom_baseline,1,io_intensive-0d2a0426,134.89999999999642
48_half,custom_baseline,1,io_intensive-4692b40e,152.0000000000003
48_half,custom_baseline,1,io_intensive-0852726e,156.45000000000132
48_half,custom_baseline,1,heavy-6a995585,182.50000000000725
48_half,custom_baseline,1,heavy-0fa05f85,185.25000000000787
48_half,custom_baseline,1,heavy-12b33972,189.90000000000893
48_half,custom_baseline,1,heavy-ef30f4f5,195.4500000000102
48_half,custom_baseline,1,slow_converging-4343f4c0,199.8500000000112
48_half,custom_baseline,1,heavy-cb7f622b,200.70000000001139
48_half,custom_baseline,1,heavy-f016afa8,204.45000000001224
48_half,custom_baseline,1,heavy-f281bed7,205.35000000001244
48_half,custom_baseline,1,heavy-42a91c0c,210.60000000001364
48_half,custom_baseline,1,slow_converging-0c940119,214.4500000000145
48_half,custom_baseline,1,slow_converging-1c60b7ae,217.0500000000151
48_half,custom_baseline,1,heavy-efadea4d,217.55000000001522
48_half,custom_baseline,1,slow_converging-2dbf0b30,219.2000000000156
48_half,custom_baseline,1,slow_converging-a843f9c1,220.90000000001598
48_half,custom_baseline,1,slow_converging-7c869ae3,221.35000000001608
48_half,custom_baseline,1,heavy-f0910a7b,221.75000000001617
48_half,custom_baseline,1,heavy-11800b56,222.40000000001632
48_half,custom_baseline,1,slow_converging-81b4e5ed,222.55000000001635
48_half,custom_baseline,1,slow_converging-640c206e,222.7500000000164
48_half,custom_baseline,1,slow_converging-57515690,224.4500000000168
48_half,custom_baseline,1,slow_converging-dd47873f,226.6500000000173
48_half,custom_adaptive,1,light-653ba819,5.949999999999987
48_half,custom_adaptive,1,light-db6aa5f1,9.399999999999999
48_half,custom_adaptive,1,light-f0e06c1a,9.800000000000004
48_half,custom_adaptive,1,light-1549d34d,10.350000000000012
48_half,custom_adaptive,1,light-9fec2c93,12.800000000000047
48_half,custom_adaptive,1,light-b95d00d2,13.150000000000052
48_half,custom_adaptive,1,light-1fe48a4c,15.650000000000087
48_half,custom_adaptive,1,light-4d8ce825,16.6000000000001
48_half,custom_adaptive,1,light-91c8efbd,17.450000000000113
48_half,custom_adaptive,1,light-1cabeae6,21.100000000000165
48_half,custom_adaptive,1,light-6df0a540,22.75000000000019
48_half,custom_adaptive,1,light-314bdd08,23.5500000000002
48_half,custom_adaptive,1,light-4ecb37d5,23.950000000000205
48_half,custom_adaptive,1,io_intensive-b70a96b7,29.25000000000028
48_half,custom_adaptive,1,io_intensive-4a9f3a8d,31.550000000000313
48_half,custom_adaptive,1,io_intensive-39f181ec,31.90000000000032
48_half,custom_adaptive,1,io_intensive-294ebde6,32.3500000000003
48_half,custom_adaptive,1,io_intensive-73bfa695,39.14999999999991
48_half,custom_adaptive,1,io_intensive-7463d4c2,39.94999999999987
48_half,custom_adaptive,1,io_intensive-bcf7521f,42.54999999999972
48_half,custom_adaptive,1,io_intensive-3b99426c,42.799999999999706
48_half,custom_adaptive,1,io_intensive-010f55cf,47.94999999999941
48_half,custom_adaptive,1,io_intensive-3c60114e,51.949999999999186
48_half,custom_adaptive,1,io_intensive-0d2a0426,52.44999999999916
48_half,custom_adaptive,1,io_intensive-1fb0d0fa,58.19999999999883
48_half,custom_adaptive,1,io_intensive-0852726e,58.449999999998816
48_half,custom_adaptive,1,io_intensive-4692b40e,65.74999999999841
48_half,custom_adaptive,1,slow_converging-4343f4c0,75.04999999999788
48_half,custom_adaptive,1,heavy-6a995585,77.69999999999773
48_half,custom_adaptive,1,heavy-ef30f4f5,79.14999999999765
48_half,custom_adaptive,1,slow_converging-0c940119,92.49999999999689
48_half,custom_adaptive,1,heavy-0fa05f85,99.64999999999648
48_half,custom_adaptive,1,slow_converging-2dbf0b30,103.04999999999629
48_half,custom_adaptive,1,slow_converging-7c869ae3,108.54999999999598
48_half,custom_adaptive,1,slow_converging-a843f9c1,117.09999999999549
48_half,custom_adaptive,1,heavy-f016afa8,117.39999999999547
48_half,custom_adaptive,1,slow_converging-1c60b7ae,127.3499999999949
48_half,custom_adaptive,1,slow_converging-640c206e,138.19999999999717
48_half,custom_adaptive,1,heavy-efadea4d,143.0999999999983
48_half,custom_adaptive,1,slow_converging-81b4e5ed,148.49999999999952
48_half,custom_adaptive,1,heavy-42a91c0c,158.1500000000017
48_half,custom_adaptive,1,slow_converging-57515690,158.5500000000018
48_half,custom_adaptive,1,heavy-12b33972,159.0000000000019
48_half,custom_adaptive,1,heavy-f281bed7,176.5500000000059
48_half,custom_adaptive,1,slow_converging-dd47873f,180.70000000000684
48_half,custom_adaptive,1,heavy-cb7f622b,181.10000000000693
48_half,custom_adaptive,1,heavy-11800b56,187.45000000000837
48_half,custom_adaptive,1,heavy-f0910a7b,194.80000000001004
48_half,reversed,1,light-b95d00d2,92.44999999999689
48_half,reversed,1,light-4d8ce825,109.04999999999595
48_half,reversed,1,light-653ba819,138.84999999999732
48_half,reversed,1,light-4ecb37d5,146.74999999999912
48_half,reversed,1,light-91c8efbd,149.6999999999998
48_half,reversed,1,light-1fe48a4c,154.80000000000095
48_half,reversed,1,light-1549d34d,157.85000000000164
48_half,reversed,1,light-314bdd08,158.30000000000175
48_half,reversed,1,io_intensive-294ebde6,161.35000000000244
48_half,reversed,1,light-6df0a540,162.0500000000026
48_half,reversed,1,light-9fec2c93,164.7500000000032
48_half,reversed,1,light-f0e06c1a,165.2000000000033
48_half,reversed,1,light-1cabeae6,165.50000000000338
48_half,reversed,1,io_intensive-7463d4c2,169.5000000000043
48_half,reversed,1,io_intensive-39f181ec,169.85000000000437
48_half,reversed,1,io_intensive-010f55cf,170.10000000000443
48_half,reversed,1,io_intensive-b70a96b7,171.60000000000477
48_half,reversed,1,io_intensive-bcf7521f,172.45000000000496
48_half,reversed,1,light-db6aa5f1,173.70000000000525
48_half,reversed,1,io_intensive-3c60114e,173.85000000000528
48_half,reversed,1,io_intensive-4a9f3a8d,177.10000000000602
48_half,reversed,1,io_intensive-1fb0d0fa,178.90000000000643
48_half,reversed,1,heavy-cb7f622b,179.30000000000652
48_half,reversed,1,io_intensive-73bfa695,183.6000000000075
48_half,reversed,1,io_intensive-3b99426c,184.5500000000077
48_half,reversed,1,heavy-12b33972,195.65000000001024
48_half,reversed,1,io_intensive-0d2a0426,196.4000000000104
48_half,reversed,1,io_intensive-4692b40e,202.80000000001186
48_half,reversed,1,heavy-f281bed7,203.05000000001192
48_half,reversed,1,io_intensive-0852726e,210.4000000000136
48_half,reversed,1,heavy-f0910a7b,215.7500000000148
48_half,reversed,1,heavy-0fa05f85,217.60000000001523
48_half,reversed,1,heavy-6a995585,222.15000000001626
48_half,reversed,1,heavy-42a91c0c,224.80000000001687
48_half,reversed,1,heavy-11800b56,227.75000000001754
48_half,reversed,1,heavy-f016afa8,230.2000000000181
48_half,reversed,1,heavy-ef30f4f5,232.25000000001856
48_half,reversed,1,slow_converging-4343f4c0,235.9500000000194
48_half,reversed,1,heavy-efadea4d,237.80000000001982
48_half,reversed,1,slow_converging-1c60b7ae,239.60000000002023
48_half,reversed,1,slow_converging-81b4e5ed,242.5500000000209
48_half,reversed,1,slow_converging-0c940119,242.65000000002092
48_half,reversed,1,slow_converging-a843f9c1,244.2500000000213
48_half,reversed,1,slow_converging-dd47873f,244.3500000000213
48_half,reversed,1,slow_converging-640c206e,244.40000000002132
48_half,reversed,1,slow_converging-57515690,244.50000000002134
48_half,reversed,1,slow_converging-2dbf0b30,244.60000000002137
48_half,reversed,1,slow_converging-7c869ae3,245.30000000002153
48_half,default,2,light-57b54efb,47.64999999999943
48_half,default,2,light-9dafce49,57.34999999999888
48_half,default,2,light-81b9172e,58.34999999999882
48_half,default,2,light-b586bb48,58.54999999999881
48_half,default,2,light-4501da66,60.79999999999868
48_half,default,2,light-a87f7442,65.49999999999842
48_half,default,2,light-9b0e11e6,69.24999999999821
48_half,default,2,light-0c1b63ed,87.0999999999972
48_half,default,2,light-e27bc2be,94.0999999999968
48_half,default,2,light-1c5e6cf2,95.6999999999967
48_half,default,2,light-67cf6622,96.59999999999665
48_half,default,2,light-bbc95024,105.39999999999615
48_half,default,2,light-03c33d18,107.29999999999605
48_half,default,2,light-12d8a5a1,108.74999999999596
48_half,default,2,light-6f166b2c,117.74999999999545
48_half,default,2,io_intensive-3152478a,118.29999999999542
48_half,default,2,io_intensive-6b440390,122.1499999999952
48_half,default,2,io_intensive-854cd086,131.2999999999956
48_half,default,2,io_intensive-ed5ada58,133.09999999999602
48_half,default,2,io_intensive-104f1558,141.59999999999795
48_half,default,2,io_intensive-fcd56d4a,146.54999999999907
48_half,default,2,io_intensive-00c0ad2f,148.09999999999943
48_half,default,2,io_intensive-a02be358,151.75000000000026
48_half,default,2,io_intensive-b61c9f25,154.45000000000087
48_half,default,2,io_intensive-6f3186dd,157.35000000000153
48_half,default,2,io_intensive-46840e72,159.0000000000019
48_half,default,2,io_intensive-d2f8b1ee,175.95000000000576
48_half,default,2,io_intensive-bceac1b1,176.40000000000586
48_half,default,2,io_intensive-b4714954,176.95000000000599
48_half,default,2,heavy-93f20541,193.40000000000973
48_half,default,2,heavy-84721c7d,200.8000000000114
48_half,default,2,heavy-e84e1b04,203.75000000001208
48_half,default,2,slow_converging-b1094bee,208.10000000001307
48_half,default,2,heavy-9f3b0554,208.55000000001317
48_half,default,2,heavy-4e9d017b,210.80000000001368
48_half,default,2,heavy-26f6c155,212.80000000001414
48_half,default,2,heavy-877f0802,214.4000000000145
48_half,default,2,slow_converging-493c43ca,215.3000000000147
48_half,default,2,slow_converging-1cb955a8,222.25000000001629
48_half,default,2,heavy-3bdec9a0,224.9000000000169
48_half,default,2,heavy-82dd8956,225.05000000001692
48_half,default,2,slow_converging-be661f38,226.90000000001734
48_half,default,2,heavy-79ae0190,228.15000000001763
48_half,default,2,heavy-8c46c804,229.05000000001783
48_half,default,2,slow_converging-f737e552,230.95000000001826
48_half,default,2,slow_converging-29559e1c,231.30000000001834
48_half,default,2,slow_converging-33398570,234.200000000019
48_half,default,2,slow_converging-9e4fcf36,234.35000000001904
48_half,custom_baseline,2,light-9dafce49,4.149999999999993
48_half,custom_baseline,2,light-81b9172e,5.09999999999999
48_half,custom_baseline,2,light-9b0e11e6,8.09999999999998
48_half,custom_baseline,2,light-0c1b63ed,8.249999999999982
48_half,custom_baseline,2,light-a87f7442,10.25000000000001
48_half,custom_baseline,2,light-57b54efb,11.200000000000024
48_half,custom_baseline,2,light-12d8a5a1,12.900000000000048
48_half,custom_baseline,2,light-67cf6622,14.500000000000071
48_half,custom_baseline,2,light-b586bb48,14.650000000000073
48_half,custom_baseline,2,light-e27bc2be,17.100000000000108
48_half,custom_baseline,2,light-4501da66,17.35000000000011
48_half,custom_baseline,2,light-bbc95024,21.950000000000177
48_half,custom_baseline,2,light-1c5e6cf2,23.900000000000205
48_half,custom_baseline,2,light-03c33d18,33.25000000000025
48_half,custom_baseline,2,light-6f166b2c,33.75000000000022
48_half,custom_baseline,2,io_intensive-ed5ada58,59.04999999999878
48_half,custom_baseline,2,io_intensive-6b440390,75.79999999999784
48_half,custom_baseline,2,io_intensive-3152478a,84.19999999999736
48_half,custom_baseline,2,io_intensive-fcd56d4a,86.24999999999724
48_half,custom_baseline,2,io_intensive-a02be358,86.84999999999721
48_half,custom_baseline,2,io_intensive-104f1558,87.24999999999719
48_half,custom_baseline,2,io_intensive-854cd086,88.29999999999713
48_half,custom_baseline,2,io_intensive-b61c9f25,102.9499999999963
48_half,custom_baseline,2,io_intensive-00c0ad2f,116.09999999999555
48_half,custom_baseline,2,io_intensive-46840e72,122.2499999999952
48_half,custom_baseline,2,io_intensive-6f3186dd,123.29999999999514
48_half,custom_baseline,2,io_intensive-d2f8b1ee,134.49999999999633
48_half,custom_baseline,2,io_intensive-bceac1b1,144.69999999999865
48_half,custom_baseline,2,io_intensive-b4714954,146.84999999999914
48_half,custom_baseline,2,heavy-93f20541,166.60000000000363
48_half,custom_baseline,2,heavy-84721c7d,178.7500000000064
48_half,custom_baseline,2,slow_converging-b1094bee,179.90000000000666
48_half,custom_baseline,2,heavy-e84e1b04,185.3500000000079
48_half,custom_baseline,2,heavy-9f3b0554,187.05000000000828
48_half,custom_baseline,2,slow_converging-493c43ca,189.60000000000886
48_half,custom_baseline,2,heavy-4e9d017b,191.15000000000921
48_half,custom_baseline,2,heavy-26f6c155,194.90000000001007
48_half,custom_baseline,2,heavy-877f0802,196.05000000001033
48_half,custom_baseline,2,slow_converging-1cb955a8,198.90000000001098
48_half,custom_baseline,2,heavy-3bdec9a0,204.3000000000122
48_half,custom_baseline,2,slow_converging-be661f38,205.40000000001245
48_half,custom_baseline,2,heavy-82dd8956,206.15000000001262
48_half,custom_baseline,2,heavy-79ae0190,208.40000000001314
48_half,custom_baseline,2,heavy-8c46c804,209.40000000001336
48_half,custom_baseline,2,slow_converging-f737e552,210.0000000000135
48_half,custom_baseline,2,slow_converging-29559e1c,210.0500000000135
48_half,custom_baseline,2,slow_converging-9e4fcf36,213.9500000000144
48_half,custom_baseline,2,slow_converging-33398570,214.15000000001444
48_half,custom_adaptive,2,light-9dafce49,4.149999999999993
48_half,custom_adaptive,2,light-81b9172e,5.09999999999999
48_half,custom_adaptive,2,light-9b0e11e6,7.89999999999998
48_half,custom_adaptive,2,light-0c1b63ed,8.09999999999998
48_half,custom_adaptive,2,light-a87f7442,9.850000000000005
48_half,custom_adaptive,2,light-57b54efb,11.500000000000028
48_half,custom_adaptive,2,light-12d8a5a1,11.850000000000033
48_half,custom_adaptive,2,light-67cf6622,13.600000000000058
48_half,custom_adaptive,2,light-b586bb48,14.700000000000074
48_half,custom_adaptive,2,light-e27bc2be,15.450000000000085
48_half,custom_adaptive,2,light-4501da66,16.950000000000106
48_half,custom_adaptive,2,light-bbc95024,18.950000000000134
48_half,custom_adaptive,2,light-1c5e6cf2,20.350000000000154
48_half,custom_adaptive,2,light-6f166b2c,23.100000000000193
48_half,custom_adaptive,2,light-03c33d18,23.5500000000002
48_half,custom_adaptive,2,io_intensive-ed5ada58,27.90000000000026
48_half,custom_adaptive,2,io_intensive-a02be358,31.35000000000031
48_half,custom_adaptive,2,io_intensive-fcd56d4a,33.40000000000024
48_half,custom_adaptive,2,io_intensive-104f1558,33.95000000000021
48_half,custom_adaptive,2,io_intensive-b61c9f25,39.14999999999991
48_half,custom_adaptive,2,io_intensive-6b440390,39.19999999999991
48_half,custom_adaptive,2,io_intensive-854cd086,42.099999999999746
48_half,custom_adaptive,2,io_intensive-3152478a,46.699999999999484
48_half,custom_adaptive,2,io_intensive-d2f8b1ee,48.84999999999936
48_half,custom_adaptive,2,io_intensive-46840e72,52.09999999999918
48_half,custom_adaptive,2,io_intensive-6f3186dd,53.84999999999908
48_half,custom_adaptive,2,io_intensive-00c0ad2f,57.19999999999889
48_half,custom_adaptive,2,io_intensive-bceac1b1,63.34999999999854
48_half,custom_adaptive,2,io_intensive-b4714954,66.69999999999835
48_half,custom_adaptive,2,slow_converging-b1094bee,74.39999999999792
48_half,custom_adaptive,2,slow_converging-493c43ca,79.79999999999761
48_half,custom_adaptive,2,heavy-93f20541,80.94999999999754
48_half,custom_adaptive,2,slow_converging-1cb955a8,92.89999999999687
48_half,custom_adaptive,2,slow_converging-29559e1c,110.34999999999587
48_half,custom_adaptive,2,heavy-84721c7d,113.4499999999957
48_half,custom_adaptive,2,slow_converging-be661f38,115.0999999999956
48_half,custom_adaptive,2,slow_converging-f737e552,117.64999999999546
48_half,custom_adaptive,2,heavy-9f3b0554,121.79999999999522
48_half,custom_adaptive,2,heavy-3bdec9a0,140.84999999999778
48_half,custom_adaptive,2,heavy-4e9d017b,141.14999999999785
48_half,custom_adaptive,2,slow_converging-9e4fcf36,144.4499999999986
48_half,custom_adaptive,2,heavy-e84e1b04,152.50000000000043
48_half,custom_adaptive,2,slow_converging-33398570,160.55000000000226
48_half,custom_adaptive,2,heavy-79ae0190,168.30000000000402
48_half,custom_adaptive,2,heavy-8c46c804,174.20000000000536
48_half,custom_adaptive,2,heavy-877f0802,174.25000000000537
48_half,custom_adaptive,2,heavy-26f6c155,180.25000000000674
48_half,custom_adaptive,2,heavy-82dd8956,191.00000000000918
48_half,reversed,2,light-57b54efb,88.39999999999712
48_half,reversed,2,light-4501da66,96.39999999999667
48_half,reversed,2,light-b586bb48,96.39999999999667
48_half,reversed,2,light-81b9172e,104.99999999999618
48_half,reversed,2,light-9dafce49,106.79999999999607
48_half,reversed,2,light-a87f7442,109.8499999999959
48_half,reversed,2,light-9b0e11e6,114.29999999999565
48_half,reversed,2,light-1c5e6cf2,131.2999999999956
48_half,reversed,2,light-0c1b63ed,133.4499999999961
48_half,reversed,2,light-e27bc2be,134.54999999999634
48_half,reversed,2,light-67cf6622,138.2499999999972
48_half,reversed,2,io_intensive-3152478a,141.69999999999797
48_half,reversed,2,light-03c33d18,142.09999999999806
48_half,reversed,2,light-bbc95024,143.89999999999847
48_half,reversed,2,io_intensive-6b440390,149.44999999999973
48_half,reversed,2,light-6f166b2c,152.20000000000036
48_half,reversed,2,light-12d8a5a1,152.4000000000004
48_half,reversed,2,io_intensive-854cd086,157.40000000000154
48_half,reversed,2,io_intensive-ed5ada58,165.90000000000347
48_half,reversed,2,io_intensive-00c0ad2f,168.50000000000406
48_half,reversed,2,io_intensive-104f1558,171.80000000000481
48_half,reversed,2,io_intensive-fcd56d4a,176.50000000000588
48_half,reversed,2,io_intensive-6f3186dd,180.60000000000682
48_half,reversed,2,io_intensive-b61c9f25,182.7000000000073
48_half,reversed,2,io_intensive-46840e72,182.90000000000734
48_half,reversed,2,io_intensive-a02be358,183.00000000000736
48_half,reversed,2,heavy-26f6c155,186.00000000000804
48_half,reversed,2,heavy-877f0802,195.80000000001027
48_half,reversed,2,io_intensive-b4714954,196.3500000000104
48_half,reversed,2,io_intensive-bceac1b1,196.60000000001045
48_half,reversed,2,heavy-e84e1b04,197.3000000000106
48_half,reversed,2,io_intensive-d2f8b1ee,199.70000000001116
48_half,reversed,2,heavy-82dd8956,205.50000000001248
48_half,reversed,2,heavy-93f20541,207.20000000001286
48_half,reversed,2,heavy-84721c7d,207.60000000001295
48_half,reversed,2,heavy-4e9d017b,210.15000000001353
48_half,reversed,2,heavy-9f3b0554,212.200000000014
48_half,reversed,2,slow_converging-b1094bee,217.85000000001529
48_half,reversed,2,slow_converging-493c43ca,222.8000000000164
48_half,reversed,2,heavy-8c46c804,223.00000000001646
48_half,reversed,2,heavy-79ae0190,223.80000000001664
48_half,reversed,2,heavy-3bdec9a0,224.9500000000169
48_half,reversed,2,slow_converging-1cb955a8,226.6500000000173
48_half,reversed,2,slow_converging-be661f38,228.5000000000177
48_half,reversed,2,slow_converging-f737e552,232.20000000001855
48_half,reversed,2,slow_converging-33398570,232.60000000001864
48_half,reversed,2,slow_converging-29559e1c,232.75000000001867
48_half,reversed,2,slow_converging-9e4fcf36,234.200000000019
48_half,default,3,light-49c05d60,51.34999999999922
48_half,default,3,light-51f13d0d,58.099999999998836
48_half,default,3,light-3c6d7c24,58.999999999998785
48_half,default,3,light-39c81556,60.64999999999869
48_half,default,3,light-b53d8060,75.64999999999785
48_half,default,3,light-7f9ebd78,76.3999999999978
48_half,default,3,light-d418c113,78.1999999999977
48_half,default,3,light-403af65d,78.2999999999977
48_half,default,3,light-ed2fcd6c,86.64999999999722
48_half,default,3,light-f3a9ce36,96.99999999999663
48_half,default,3,light-d410122a,104.19999999999622
48_half,default,3,light-7db4d17e,104.5499999999962
48_half,default,3,light-5c39b642,117.69999999999546
48_half,default,3,light-40edc0dd,118.84999999999539
48_half,default,3,io_intensive-70ccd942,124.0499999999951
48_half,default,3,io_intensive-acc3369b,127.69999999999489
48_half,default,3,io_intensive-9990c4a2,135.59999999999658
48_half,default,3,io_intensive-e106ebbc,137.74999999999707
48_half,default,3,io_intensive-a8e61e09,141.04999999999782
48_half,default,3,io_intensive-00b6610f,142.44999999999814
48_half,default,3,io_intensive-5bdada87,143.34999999999835
48_half,default,3,io_intensive-46a74e63,153.90000000000074
48_half,default,3,io_intensive-1f3ab788,156.3500000000013
48_half,default,3,io_intensive-1ca640ae,157.10000000000147
48_half,default,3,io_intensive-b1a70960,159.8500000000021
48_half,default,3,io_intensive-9a7f29fc,169.30000000000425
48_half,default,3,io_intensive-756109e3,171.90000000000484
48_half,default,3,io_intensive-6e583924,173.5000000000052
48_half,default,3,io_intensive-5afde870,176.85000000000596
48_half,default,3,heavy-dc1462ee,184.80000000000777
48_half,default,3,heavy-fe378bf4,193.3000000000097
48_half,default,3,heavy-f5447c30,194.60000000001
48_half,default,3,heavy-a4fdf045,200.3000000000113
48_half,default,3,heavy-39d8f256,205.50000000001248
48_half,default,3,heavy-140e4d2b,207.25000000001288
48_half,default,3,heavy-62bfd3cc,212.10000000001398
48_half,default,3,heavy-2f56b058,214.8500000000146
48_half,default,3,slow_converging-57286477,219.40000000001564
48_half,default,3,slow_converging-081e46cd,220.1000000000158
48_half,default,3,heavy-8b3e3dff,225.20000000001696
48_half,default,3,slow_converging-631395d1,225.60000000001705
48_half,default,3,heavy-53dd5342,225.70000000001707
48_half,default,3,slow_converging-cb71ef80,227.5500000000175
48_half,default,3,heavy-0a644a3d,228.60000000001773
48_half,default,3,heavy-1ee87008,229.15000000001785
48_half,default,3,slow_converging-647590c8,231.80000000001846
48_half,default,3,slow_converging-c46388d8,232.70000000001866
48_half,default,3,slow_converging-15c234df,233.60000000001887
48_half,custom_baseline,3,light-7f9ebd78,5.1999999999999895
48_half,custom_baseline,3,light-49c05d60,8.649999999999988
48_half,custom_baseline,3,light-b53d8060,9.249999999999996
48_half,custom_baseline,3,light-d410122a,10.90000000000002
48_half,custom_baseline,3,light-5c39b642,11.000000000000021
48_half,custom_baseline,3,light-3c6d7c24,12.35000000000004
48_half,custom_baseline,3,light-51f13d0d,13.300000000000054
48_half,custom_baseline,3,light-ed2fcd6c,13.900000000000063
48_half,custom_baseline,3,light-403af65d,16.050000000000093
48_half,custom_baseline,3,light-39c81556,16.400000000000098
48_half,custom_baseline,3,light-d418c113,17.100000000000108
48_half,custom_baseline,3,light-7db4d17e,24.050000000000207
48_half,custom_baseline,3,light-f3a9ce36,24.20000000000021
48_half,custom_baseline,3,light-40edc0dd,34.60000000000017
48_half,custom_baseline,3,io_intensive-70ccd942,42.14999999999974
48_half,custom_baseline,3,io_intensive-9990c4a2,59.49999999999876
48_half,custom_baseline,3,io_intensive-e106ebbc,68.49999999999825
48_half,custom_baseline,3,io_intensive-acc3369b,76.04999999999782
48_half,custom_baseline,3,io_intensive-00b6610f,94.74999999999676
48_half,custom_baseline,3,io_intensive-46a74e63,98.69999999999654
48_half,custom_baseline,3,io_intensive-a8e61e09,102.59999999999631
48_half,custom_baseline,3,io_intensive-5bdada87,110.04999999999589
48_half,custom_baseline,3,io_intensive-1ca640ae,112.79999999999573
48_half,custom_baseline,3,io_intensive-756109e3,114.99999999999561
48_half,custom_baseline,3,io_intensive-b1a70960,118.24999999999542
48_half,custom_baseline,3,io_intensive-1f3ab788,124.09999999999509
48_half,custom_baseline,3,io_intensive-9a7f29fc,137.54999999999703
48_half,custom_baseline,3,io_intensive-5afde870,139.74999999999753
48_half,custom_baseline,3,io_intensive-6e583924,142.84999999999823
48_half,custom_baseline,3,heavy-dc1462ee,157.40000000000154
48_half,custom_baseline,3,heavy-fe378bf4,164.35000000000312
48_half,custom_baseline,3,heavy-f5447c30,173.35000000000517
48_half,custom_baseline,3,heavy-a4fdf045,176.65000000000592
48_half,custom_baseline,3,heavy-140e4d2b,182.00000000000713
48_half,custom_baseline,3,heavy-39d8f256,184.9000000000078
48_half,custom_baseline,3,heavy-62bfd3cc,193.15000000000967
48_half,custom_baseline,3,slow_converging-081e46cd,194.45000000000996
48_half,custom_baseline,3,slow_converging-57286477,194.90000000001007
48_half,custom_baseline,3,heavy-2f56b058,195.25000000001015
48_half,custom_baseline,3,slow_converging-631395d1,202.15000000001172
48_half,custom_baseline,3,heavy-53dd5342,204.60000000001227
48_half,custom_baseline,3,heavy-8b3e3dff,204.7500000000123
48_half,custom_baseline,3,slow_converging-cb71ef80,205.5500000000125
48_half,custom_baseline,3,heavy-0a644a3d,207.05000000001283
48_half,custom_baseline,3,heavy-1ee87008,208.35000000001313
48_half,custom_baseline,3,slow_converging-647590c8,209.6000000000134
48_half,custom_baseline,3,slow_converging-c46388d8,210.60000000001364
48_half,custom_baseline,3,slow_converging-15c234df,212.200000000014
48_half,custom_adaptive,3,light-7f9ebd78,5.1999999999999895
48_half,custom_adaptive,3,light-49c05d60,7.99999999999998
48_half,custom_adaptive,3,light-b53d8060,8.249999999999982
48_half,custom_adaptive,3,light-d410122a,9.249999999999996
48_half,custom_adaptive,3,light-5c39b642,9.299999999999997
48_half,custom_adaptive,3,light-3c6d7c24,12.250000000000039
48_half,custom_adaptive,3,light-ed2fcd6c,13.05000000000005
48_half,custom_adaptive,3,light-51f13d0d,13.200000000000053
48_half,custom_adaptive,3,light-403af65d,15.350000000000083
48_half,custom_adaptive,3,light-39c81556,16.5500000000001
48_half,custom_adaptive,3,light-d418c113,16.6000000000001
48_half,custom_adaptive,3,light-7db4d17e,20.500000000000156
48_half,custom_adaptive,3,light-f3a9ce36,21.050000000000164
48_half,custom_adaptive,3,light-40edc0dd,23.950000000000205
48_half,custom_adaptive,3,io_intensive-70ccd942,25.350000000000225
48_half,custom_adaptive,3,io_intensive-9990c4a2,29.400000000000283
48_half,custom_adaptive,3,io_intensive-e106ebbc,30.6000000000003
48_half,custom_adaptive,3,io_intensive-46a74e63,36.25000000000008
48_half,custom_adaptive,3,io_intensive-756109e3,37.30000000000002
48_half,custom_adaptive,3,io_intensive-acc3369b,37.550000000000004
48_half,custom_adaptive,3,io_intensive-00b6610f,40.199999999999854
48_half,custom_adaptive,3,io_intensive-1ca640ae,47.549999999999436
48_half,custom_adaptive,3,io_intensive-a8e61e09,47.84999999999942
48_half,custom_adaptive,3,io_intensive-b1a70960,48.99999999999935
48_half,custom_adaptive,3,io_intensive-5afde870,54.39999999999905
48_half,custom_adaptive,3,io_intensive-5bdada87,56.9999999999989
48_half,custom_adaptive,3,io_intensive-1f3ab788,59.59999999999875
48_half,custom_adaptive,3,io_intensive-9a7f29fc,62.39999999999859
48_half,custom_adaptive,3,io_intensive-6e583924,67.99999999999828
48_half,custom_adaptive,3,heavy-fe378bf4,74.29999999999792
48_half,custom_adaptive,3,heavy-dc1462ee,77.94999999999771
48_half,custom_adaptive,3,slow_converging-081e46cd,83.89999999999738
48_half,custom_adaptive,3,slow_converging-57286477,92.3499999999969
48_half,custom_adaptive,3,heavy-140e4d2b,94.89999999999675
48_half,custom_adaptive,3,heavy-a4fdf045,103.14999999999628
48_half,custom_adaptive,3,slow_converging-631395d1,105.19999999999617
48_half,custom_adaptive,3,heavy-f5447c30,126.64999999999495
48_half,custom_adaptive,3,slow_converging-647590c8,127.89999999999488
48_half,custom_adaptive,3,slow_converging-c46388d8,133.54999999999612
48_half,custom_adaptive,3,slow_converging-cb71ef80,136.34999999999675
48_half,custom_adaptive,3,heavy-39d8f256,138.54999999999725
48_half,custom_adaptive,3,heavy-0a644a3d,155.25000000000105
48_half,custom_adaptive,3,heavy-53dd5342,166.55000000000362
48_half,custom_adaptive,3,heavy-2f56b058,166.9000000000037
48_half,custom_adaptive,3,slow_converging-15c234df,168.30000000000402
48_half,custom_adaptive,3,heavy-62bfd3cc,173.1000000000051
48_half,custom_adaptive,3,heavy-8b3e3dff,183.35000000000744
48_half,custom_adaptive,3,heavy-1ee87008,191.35000000000926
48_half,reversed,3,light-49c05d60,95.6999999999967
48_half,reversed,3,light-39c81556,97.69999999999659
48_half,reversed,3,light-51f13d0d,99.89999999999647
48_half,reversed,3,light-3c6d7c24,101.94999999999635
48_half,reversed,3,light-d418c113,116.49999999999552
48_half,reversed,3,light-403af65d,117.69999999999546
48_half,reversed,3,light-b53d8060,120.3499999999953
48_half,reversed,3,light-7f9ebd78,123.64999999999512
48_half,reversed,3,light-ed2fcd6c,131.19999999999558
48_half,reversed,3,light-f3a9ce36,132.34999999999584
48_half,reversed,3,light-7db4d17e,141.3499999999979
48_half,reversed,3,light-d410122a,149.7499999999998
48_half,reversed,3,light-40edc0dd,154.1000000000008
48_half,reversed,3,io_intensive-acc3369b,155.8500000000012
48_half,reversed,3,io_intensive-70ccd942,157.80000000000163
48_half,reversed,3,light-5c39b642,163.3500000000029
48_half,reversed,3,io_intensive-5bdada87,164.45000000000314
48_half,reversed,3,io_intensive-a8e61e09,165.05000000000328
48_half,reversed,3,io_intensive-9990c4a2,168.45000000000405
48_half,reversed,3,io_intensive-e106ebbc,169.35000000000426
48_half,reversed,3,io_intensive-00b6610f,170.20000000000445
48_half,reversed,3,io_intensive-1f3ab788,177.65000000000614
48_half,reversed,3,io_intensive-46a74e63,183.2000000000074
48_half,reversed,3,io_intensive-1ca640ae,183.35000000000744
48_half,reversed,3,io_intensive-b1a70960,185.30000000000788
48_half,reversed,3,io_intensive-9a7f29fc,189.8000000000089
48_half,reversed,3,io_intensive-6e583924,192.95000000000962
48_half,reversed,3,heavy-62bfd3cc,196.05000000001033
48_half,reversed,3,heavy-f5447c30,198.1500000000108
48_half,reversed,3,io_intensive-5afde870,199.95000000001122
48_half,reversed,3,io_intensive-756109e3,200.05000000001124
48_half,reversed,3,heavy-dc1462ee,201.10000000001148
48_half,reversed,3,heavy-2f56b058,205.40000000001245
48_half,reversed,3,heavy-39d8f256,208.05000000001306
48_half,reversed,3,heavy-fe378bf4,210.25000000001356
48_half,reversed,3,heavy-a4fdf045,210.4500000000136
48_half,reversed,3,heavy-8b3e3dff,212.40000000001405
48_half,reversed,3,heavy-140e4d2b,217.0000000000151
48_half,reversed,3,heavy-1ee87008,217.9000000000153
48_half,reversed,3,heavy-53dd5342,221.50000000001612
48_half,reversed,3,slow_converging-57286477,226.00000000001714
48_half,reversed,3,slow_converging-081e46cd,227.2000000000174
48_half,reversed,3,heavy-0a644a3d,228.35000000001767
48_half,reversed,3,slow_converging-cb71ef80,229.15000000001785
48_half,reversed,3,slow_converging-631395d1,229.3000000000179
48_half,reversed,3,slow_converging-15c234df,232.8500000000187
48_half,reversed,3,slow_converging-647590c8,233.90000000001893
48_half,reversed,3,slow_converging-c46388d8,234.40000000001905
48_half,default,4,light-3c5bfffd,48.64999999999937
48_half,default,4,light-0dfdb448,48.89999999999936
48_half,default,4,light-dd8cc07d,51.949999999999186
48_half,default,4,light-3731dfa8,53.04999999999912
48_half,default,4,light-41c85d42,61.49999999999864
48_half,default,4,light-9f6dd8d6,65.34999999999843
48_half,default,4,light-67a56090,74.49999999999791
48_half,default,4,light-7fc3952c,81.6999999999975
48_half,default,4,light-b6e0f848,87.24999999999719
48_half,default,4,light-78ad2159,88.24999999999713
48_half,default,4,light-342315a8,90.499999999997
48_half,default,4,light-4e59d383,97.19999999999662
48_half,default,4,light-2e7125f9,101.69999999999636
48_half,default,4,light-fce73664,104.29999999999622
48_half,default,4,light-9a9f01df,105.84999999999613
48_half,default,4,light-c96a513a,106.04999999999612
48_half,default,4,light-ad8b098f,109.44999999999592
48_half,default,4,io_intensive-5951b45d,129.39999999999517
48_half,default,4,io_intensive-1938a6a8,130.49999999999542
48_half,default,4,io_intensive-3a5e21f0,141.74999999999798
48_half,default,4,io_intensive-9b5b0932,143.24999999999832
48_half,default,4,io_intensive-fe7411b6,143.84999999999846
48_half,default,4,io_intensive-812d64e7,144.14999999999853
48_half,default,4,io_intensive-1cae26d9,144.8499999999987
48_half,default,4,io_intensive-e19e91cf,159.450000000002
48_half,default,4,io_intensive-e3e1cc01,167.70000000000388
48_half,default,4,heavy-b1c76962,185.00000000000782
48_half,default,4,heavy-ec2ee56b,205.90000000001257
48_half,default,4,slow_converging-c75e077d,209.30000000001334
48_half,default,4,heavy-f44e6ce2,212.45000000001406
48_half,default,4,heavy-733307a4,214.65000000001456
48_half,default,4,slow_converging-0d991fcd,218.00000000001532
48_half,default,4,heavy-4408df2b,220.25000000001583
48_half,default,4,slow_converging-642784cf,221.55000000001613
48_half,default,4,slow_converging-a30bb7d0,222.90000000001643
48_half,default,4,heavy-4b60167a,226.85000000001733
48_half,default,4,heavy-5cadefff,227.90000000001757
48_half,default,4,heavy-e7f20a35,228.80000000001777
48_half,default,4,slow_converging-a84618e7,229.25000000001788
48_half,default,4,heavy-8b964135,234.50000000001907
48_half,default,4,heavy-3566d791,234.6000000000191
48_half,default,4,heavy-d86abf41,235.35000000001926
48_half,default,4,heavy-2304d201,237.3000000000197
48_half,default,4,heavy-3cca991f,237.6500000000198
48_half,default,4,slow_converging-2ce342fd,237.7000000000198
48_half,default,4,heavy-ae4312bb,237.95000000001986
48_half,default,4,slow_converging-e014ddd0,241.2000000000206
48_half,default,4,slow_converging-7ce96d67,241.90000000002075
48_half,custom_baseline,4,light-7fc3952c,5.749999999999988
48_half,custom_baseline,4,light-9f6dd8d6,6.949999999999983
48_half,custom_baseline,4,light-dd8cc07d,8.549999999999986
48_half,custom_baseline,4,light-ad8b098f,9.750000000000004
48_half,custom_baseline,4,light-0dfdb448,10.800000000000018
48_half,custom_baseline,4,light-4e59d383,11.250000000000025
48_half,custom_baseline,4,light-fce73664,15.550000000000086
48_half,custom_baseline,4,light-3c5bfffd,15.650000000000087
48_half,custom_baseline,4,light-342315a8,16.5500000000001
48_half,custom_baseline,4,light-41c85d42,18.65000000000013
48_half,custom_baseline,4,light-b6e0f848,19.100000000000136
48_half,custom_baseline,4,light-2e7125f9,20.05000000000015
48_half,custom_baseline,4,light-3731dfa8,22.350000000000183
48_half,custom_baseline,4,light-67a56090,23.5500000000002
48_half,custom_baseline,4,light-c96a513a,28.50000000000027
48_half,custom_baseline,4,light-78ad2159,31.000000000000306
48_half,custom_baseline,4,light-9a9f01df,32.55000000000029
48_half,custom_baseline,4,io_intensive-1938a6a8,73.19999999999798
48_half,custom_baseline,4,io_intensive-9b5b0932,77.09999999999776
48_half,custom_baseline,4,io_intensive-812d64e7,82.29999999999747
48_half,custom_baseline,4,io_intensive-5951b45d,88.19999999999713
48_half,custom_baseline,4,io_intensive-1cae26d9,91.84999999999692
48_half,custom_baseline,4,io_intensive-3a5e21f0,92.2999999999969
48_half,custom_baseline,4,io_intensive-fe7411b6,98.14999999999657
48_half,custom_baseline,4,io_intensive-e19e91cf,118.79999999999539
48_half,custom_baseline,4,io_intensive-e3e1cc01,129.29999999999515
48_half,custom_baseline,4,heavy-b1c76962,154.1500000000008
48_half,custom_baseline,4,slow_converging-c75e077d,174.8000000000055
48_half,custom_baseline,4,heavy-ec2ee56b,186.40000000000813
48_half,custom_baseline,4,slow_converging-0d991fcd,186.95000000000826
48_half,custom_baseline,4,slow_converging-642784cf,189.55000000000885
48_half,custom_baseline,4,heavy-733307a4,192.3500000000095
48_half,custom_baseline,4,heavy-f44e6ce2,192.8000000000096
48_half,custom_baseline,4,slow_converging-a30bb7d0,195.9500000000103
48_half,custom_baseline,4,heavy-4408df2b,200.00000000001123
48_half,custom_baseline,4,slow_converging-a84618e7,202.0500000000117
48_half,custom_baseline,4,heavy-4b60167a,203.75000000001208
48_half,custom_baseline,4,heavy-e7f20a35,206.60000000001273
48_half,custom_baseline,4,heavy-5cadefff,208.3000000000131
48_half,custom_baseline,4,heavy-3566d791,213.9500000000144
48_half,custom_baseline,4,slow_converging-2ce342fd,214.50000000001452
48_half,custom_baseline,4,heavy-8b964135,214.8000000000146
48_half,custom_baseline,4,heavy-d86abf41,214.95000000001463
48_half,custom_baseline,4,heavy-2304d201,216.85000000001506
48_half,custom_baseline,4,heavy-ae4312bb,216.90000000001507
48_half,custom_baseline,4,heavy-3cca991f,217.40000000001518
48_half,custom_baseline,4,slow_converging-e014ddd0,218.8000000000155
48_half,custom_baseline,4,slow_converging-7ce96d67,219.80000000001573
48_half,custom_adaptive,4,light-7fc3952c,5.649999999999988
48_half,custom_adaptive,4,light-9f6dd8d6,6.649999999999984
48_half,custom_adaptive,4,light-dd8cc07d,8.449999999999985
48_half,custom_adaptive,4,light-ad8b098f,8.79999999999999
48_half,custom_adaptive,4,light-4e59d383,9.900000000000006
48_half,custom_adaptive,4,light-0dfdb448,11.100000000000023
48_half,custom_adaptive,4,light-fce73664,13.150000000000052
48_half,custom_adaptive,4,light-342315a8,14.750000000000075
48_half,custom_adaptive,4,light-3c5bfffd,15.80000000000009
48_half,custom_adaptive,4,light-b6e0f848,16.5500000000001
48_half,custom_adaptive,4,light-2e7125f9,16.700000000000102
48_half,custom_adaptive,4,light-41c85d42,18.150000000000123
48_half,custom_adaptive,4,light-67a56090,21.150000000000166
48_half,custom_adaptive,4,light-3731dfa8,21.700000000000173
48_half,custom_adaptive,4,light-c96a513a,22.350000000000183
48_half,custom_adaptive,4,light-9a9f01df,24.35000000000021
48_half,custom_adaptive,4,light-78ad2159,26.30000000000024
48_half,custom_adaptive,4,io_intensive-9b5b0932,32.4000000000003
48_half,custom_adaptive,4,io_intensive-1938a6a8,33.25000000000025
48_half,custom_adaptive,4,io_intensive-812d64e7,33.500000000000234
48_half,custom_adaptive,4,io_intensive-1cae26d9,36.75000000000005
48_half,custom_adaptive,4,io_intensive-3a5e21f0,42.49999999999972
48_half,custom_adaptive,4,io_intensive-5951b45d,43.29999999999968
48_half,custom_adaptive,4,io_intensive-fe7411b6,43.849999999999646
48_half,custom_adaptive,4,io_intensive-e19e91cf,49.149999999999345
48_half,custom_adaptive,4,io_intensive-e3e1cc01,56.04999999999895
48_half,custom_adaptive,4,slow_converging-c75e077d,63.84999999999851
48_half,custom_adaptive,4,slow_converging-642784cf,67.14999999999833
48_half,custom_adaptive,4,slow_converging-0d991fcd,70.94999999999811
48_half,custom_adaptive,4,heavy-b1c76962,72.29999999999804
48_half,custom_adaptive,4,slow_converging-a84618e7,90.99999999999697
48_half,custom_adaptive,4,slow_converging-a30bb7d0,93.54999999999683
48_half,custom_adaptive,4,slow_converging-2ce342fd,107.19999999999605
48_half,custom_adaptive,4,slow_converging-e014ddd0,114.44999999999564
48_half,custom_adaptive,4,heavy-733307a4,116.59999999999552
48_half,custom_adaptive,4,slow_converging-7ce96d67,125.29999999999502
48_half,custom_adaptive,4,heavy-4b60167a,126.99999999999493
48_half,custom_adaptive,4,heavy-ec2ee56b,133.8499999999962
48_half,custom_adaptive,4,heavy-e7f20a35,134.3499999999963
48_half,custom_adaptive,4,heavy-f44e6ce2,139.6499999999975
48_half,custom_adaptive,4,heavy-4408df2b,146.59999999999908
48_half,custom_adaptive,4,heavy-ae4312bb,160.65000000000228
48_half,custom_adaptive,4,heavy-3566d791,163.25000000000287
48_half,custom_adaptive,4,heavy-d86abf41,169.30000000000425
48_half,custom_adaptive,4,heavy-5cadefff,173.25000000000514
48_half,custom_adaptive,4,heavy-2304d201,184.5500000000077
48_half,custom_adaptive,4,heavy-8b964135,188.35000000000858
48_half,custom_adaptive,4,heavy-3cca991f,196.8000000000105
48_half,reversed,4,light-3731dfa8,82.24999999999747
48_half,reversed,4,light-3c5bfffd,85.59999999999728
48_half,reversed,4,light-0dfdb448,90.24999999999702
48_half,reversed,4,light-dd8cc07d,95.54999999999671
48_half,reversed,4,light-41c85d42,96.39999999999667
48_half,reversed,4,light-67a56090,109.54999999999592
48_half,reversed,4,light-9f6dd8d6,110.99999999999584
48_half,reversed,4,light-78ad2159,117.04999999999549
48_half,reversed,4,light-b6e0f848,124.99999999999504
48_half,reversed,4,light-7fc3952c,127.74999999999488
48_half,reversed,4,light-342315a8,130.09999999999533
48_half,reversed,4,light-9a9f01df,138.64999999999728
48_half,reversed,4,light-4e59d383,140.4499999999977
48_half,reversed,4,light-c96a513a,141.3499999999979
48_half,reversed,4,light-2e7125f9,141.3999999999979
48_half,reversed,4,light-fce73664,145.89999999999893
48_half,reversed,4,light-ad8b098f,153.05000000000055
48_half,reversed,4,io_intensive-5951b45d,153.20000000000059
48_half,reversed,4,io_intensive-1938a6a8,159.10000000000193
48_half,reversed,4,io_intensive-3a5e21f0,168.10000000000397
48_half,reversed,4,io_intensive-fe7411b6,170.0000000000044
48_half,reversed,4,io_intensive-1cae26d9,172.30000000000493
48_half,reversed,4,io_intensive-812d64e7,173.25000000000514
48_half,reversed,4,io_intensive-9b5b0932,173.35000000000517
48_half,reversed,4,io_intensive-e19e91cf,183.30000000000743
48_half,reversed,4,io_intensive-e3e1cc01,190.45000000000906
48_half,reversed,4,heavy-b1c76962,203.450000000012
48_half,reversed,4,heavy-ec2ee56b,209.20000000001332
48_half,reversed,4,heavy-f44e6ce2,213.30000000001425
48_half,reversed,4,heavy-5cadefff,214.20000000001446
48_half,reversed,4,heavy-8b964135,216.70000000001502
48_half,reversed,4,heavy-4408df2b,219.2000000000156
48_half,reversed,4,heavy-3cca991f,221.55000000001613
48_half,reversed,4,heavy-733307a4,223.10000000001648
48_half,reversed,4,slow_converging-c75e077d,226.85000000001733
48_half,reversed,4,heavy-2304d201,228.4500000000177
48_half,reversed,4,slow_converging-0d991fcd,230.80000000001823
48_half,reversed,4,heavy-d86abf41,231.1500000000183
48_half,reversed,4,heavy-4b60167a,231.80000000001846
48_half,reversed,4,heavy-3566d791,232.25000000001856
48_half,reversed,4,slow_converging-a30bb7d0,232.35000000001858
48_half,reversed,4,heavy-e7f20a35,232.70000000001866
48_half,reversed,4,slow_converging-642784cf,232.95000000001872
48_half,reversed,4,slow_converging-a84618e7,235.1000000000192
48_half,reversed,4,heavy-ae4312bb,235.9000000000194
48_half,reversed,4,slow_converging-2ce342fd,238.95000000002008
48_half,reversed,4,slow_converging-e014ddd0,242.1500000000208
48_half,reversed,4,slow_converging-7ce96d67,242.65000000002092
