policy,workload_id,execution_order,rank_used,execution_start_seconds,completion_seconds,jct_seconds,calibration_scale,evidence_status,assumed_job_time_factor
kubernetes-default,heavy-000-5835d092,1,0.692786694,0.0,4.803658,4.803658,0.854757711,optimistic-synthetic-what-if-not-measured,
kubernetes-default,heavy-001-1fbc6140,2,0.389090756,0.854758,397.648277,397.648277,0.854757711,optimistic-synthetic-what-if-not-measured,
kubernetes-default,heavy-002-80db849a,3,0.312626584,1.709515,750.00038,750.00038,0.854757711,optimistic-synthetic-what-if-not-measured,
kubernetes-default,heavy-003-fe05a828,4,0.415579717,2.564273,930.674599,930.674599,0.854757711,optimistic-synthetic-what-if-not-measured,
kubernetes-default,heavy-004-c84238c8,5,0.470631539,3.419031,627.210557,627.210557,0.854757711,optimistic-synthetic-what-if-not-measured,
kubernetes-default,heavy-005-452f0547,6,0.470184728,4.273789,761.655813,761.655813,0.854757711,optimistic-synthetic-what-if-not-measured,
kubernetes-default,heavy-006-2f8513b1,7,0.684239827,5.128546,136.186728,136.186728,0.854757711,optimistic-synthetic-what-if-not-measured,
kubernetes-default,heavy-007-aa7f1a53,8,0.506446153,5.983304,458.625972,458.625972,0.854757711,optimistic-synthetic-what-if-not-measured,
kubernetes-default,heavy-008-cd16187e,9,0.335473041,6.838062,1244.105397,1244.105397,0.854757711,optimistic-synthetic-what-if-not-measured,
kubernetes-default,heavy-009-35a75ca2,10,0.671500812,7.692819,223.524256,223.524256,0.854757711,optimistic-synthetic-what-if-not-measured,
kubernetes-default,heavy-010-40a00ce2,11,0.555727725,8.547577,978.336366,978.336366,0.854757711,optimistic-synthetic-what-if-not-measured,
kubernetes-default,heavy-011-3175cc9d,12,0.783249576,9.402335,73.840809,73.840809,0.854757711,optimistic-synthetic-what-if-not-measured,
kubernetes-default,heavy-012-f6437e0f,13,0.664692739,10.257093,85.503769,85.503769,0.854757711,optimistic-synthetic-what-if-not-measured,
kubernetes-default,heavy-013-54042f54,14,0.596715941,11.11185,629.164312,629.164312,0.854757711,optimistic-synthetic-what-if-not-measured,
kubernetes-default,heavy-014-78a748d4,15,0.635721294,11.966608,642.442995,642.442995,0.854757711,optimistic-synthetic-what-if-not-measured,
kubernetes-default,heavy-015-54afe656,16,0.457575579,12.821366,794.637001,794.637001,0.854757711,optimistic-synthetic-what-if-not-measured,
kubernetes-default,heavy-016-43d25037,17,0.26060981,13.676123,1284.653572,1284.653572,0.854757711,optimistic-synthetic-what-if-not-measured,
kubernetes-default,heavy-017-7d08380e,18,0.533644222,14.530881,1007.030881,1007.030881,0.854757711,optimistic-synthetic-what-if-not-measured,
kubernetes-default,heavy-018-f64faa83,19,0.769557187,15.385639,345.045912,345.045912,0.854757711,optimistic-synthetic-what-if-not-measured,
kubernetes-default,heavy-019-783135b0,20,0.408672541,16.240397,1184.467764,1184.467764,0.854757711,optimistic-synthetic-what-if-not-measured,
kubernetes-default,heavy-020-3d1c896a,21,0.687432048,17.095154,210.981455,210.981455,0.854757711,optimistic-synthetic-what-if-not-measured,
kubernetes-default,heavy-021-aeb0c5db,22,0.562189941,17.949912,782.623996,782.623996,0.854757711,optimistic-synthetic-what-if-not-measured,
kubernetes-default,heavy-022-eb6cad00,23,0.539663887,18.80467,697.527146,697.527146,0.854757711,optimistic-synthetic-what-if-not-measured,
kubernetes-default,heavy-023-91faf260,24,0.48410413,19.659427,698.192068,698.192068,0.854757711,optimistic-synthetic-what-if-not-measured,
kubernetes-default,heavy-024-3bcedff7,25,0.675057544,20.514185,261.14189,261.14189,0.854757711,optimistic-synthetic-what-if-not-measured,
kubernetes-default,heavy-025-1333b6f5,26,0.808317187,21.368943,458.14556,458.14556,0.854757711,optimistic-synthetic-what-if-not-measured,
kubernetes-default,heavy-026-f5c88db9,27,0.510089185,22.2237,960.000126,960.000126,0.854757711,optimistic-synthetic-what-if-not-measured,
kubernetes-default,heavy-027-065e2ec3,28,0.303862913,23.078458,1276.272412,1276.272412,0.854757711,optimistic-synthetic-what-if-not-measured,
kubernetes-default,heavy-028-e48c3cf5,29,0.597730908,23.933216,601.141512,601.141512,0.854757711,optimistic-synthetic-what-if-not-measured,
kubernetes-default,heavy-029-c0897f86,30,0.515013593,24.787974,771.504824,771.504824,0.854757711,optimistic-synthetic-what-if-not-measured,
kubernetes-default,heavy-030-588cde7a,31,0.485912673,25.642731,1142.269528,1142.269528,0.854757711,optimistic-synthetic-what-if-not-measured,
kubernetes-default,heavy-031-64edc186,32,0.371164028,26.497489,1237.356134,1237.356134,0.854757711,optimistic-synthetic-what-if-not-measured,
kubernetes-default,heavy-032-aba68153,33,0.759569181,27.352247,362.961624,362.961624,0.854757711,optimistic-synthetic-what-if-not-measured,
kubernetes-default,heavy-033-10e0b8a8,34,0.781532423,28.207004,366.105019,366.105019,0.854757711,optimistic-synthetic-what-if-not-measured,
kubernetes-default,heavy-034-f09bc37b,35,0.431522663,29.061762,1193.480025,1193.480025,0.854757711,optimistic-synthetic-what-if-not-measured,
kubernetes-default,heavy-035-140648c1,36,0.586326335,29.91652,722.136714,722.136714,0.854757711,optimistic-synthetic-what-if-not-measured,
kubernetes-default,heavy-036-87faed15,37,0.64718443,30.771278,930.119159,930.119159,0.854757711,optimistic-synthetic-what-if-not-measured,
kubernetes-default,heavy-037-2d84f43e,38,0.468663367,31.626035,1226.886956,1226.886956,0.854757711,optimistic-synthetic-what-if-not-measured,
kubernetes-default,heavy-038-a342f66d,39,0.663025757,32.480793,1042.145455,1042.145455,0.854757711,optimistic-synthetic-what-if-not-measured,
kubernetes-default,heavy-039-11fc45bc,40,0.579949623,33.335551,825.568025,825.568025,0.854757711,optimistic-synthetic-what-if-not-measured,
kubernetes-default,heavy-040-0f14f5d2,41,0.621258176,34.190308,614.076354,614.076354,0.854757711,optimistic-synthetic-what-if-not-measured,
kubernetes-default,heavy-041-79009bbb,42,0.721469427,35.045066,510.108855,510.108855,0.854757711,optimistic-synthetic-what-if-not-measured,
kubernetes-default,heavy-042-6a3ada7a,43,0.699519585,35.899824,762.644111,762.644111,0.854757711,optimistic-synthetic-what-if-not-measured,
kubernetes-default,heavy-043-f07651e1,44,0.46941231,36.754582,1104.102608,1104.102608,0.854757711,optimistic-synthetic-what-if-not-measured,
kubernetes-default,heavy-044-6477f458,45,0.742451265,37.609339,660.978341,660.978341,0.854757711,optimistic-synthetic-what-if-not-measured,
kubernetes-default,heavy-045-088d4ef5,46,0.538170283,38.464097,1198.385621,1198.385621,0.854757711,optimistic-synthetic-what-if-not-measured,
kubernetes-default,heavy-046-c30f5a41,47,0.524282799,39.318855,1119.080179,1119.080179,0.854757711,optimistic-synthetic-what-if-not-measured,
kubernetes-default,heavy-047-6e5aa39a,48,0.522791937,40.173612,1130.652148,1130.652148,0.854757711,optimistic-synthetic-what-if-not-measured,
kubernetes-default,heavy-048-bf8f5880,49,0.748720315,41.02837,484.740815,484.740815,0.854757711,optimistic-synthetic-what-if-not-measured,
kubernetes-default,heavy-049-c04501be,50,0.349747603,41.883128,1275.820904,1275.820904,0.854757711,optimistic-synthetic-what-if-not-measured,
kubernetes-default,heavy-050-dd564045,51,0.450626314,42.737886,1173.170839,1173.170839,0.854757711,optimistic-synthetic-what-if-not-measured,
kubernetes-default,heavy-051-d32f68e1,52,0.526119817,43.592643,1127.969914,1127.969914,0.854757711,optimistic-synthetic-what-if-not-measured,
kubernetes-default,heavy-052-f24dbad2,53,0.573971961,44.447401,1125.016775,1125.016775,0.854757711,optimistic-synthetic-what-if-not-measured,
kubernetes-default,heavy-053-1f5ea152,54,0.393456849,45.302159,1231.658974,1231.658974,0.854757711,optimistic-synthetic-what-if-not-measured,
kubernetes-default,heavy-054-8d32225f,55,0.589256099,46.156916,1060.46252,1060.46252,0.854757711,optimistic-synthetic-what-if-not-measured,
kubernetes-default,heavy-055-45dcbcdf,56,0.44718378,47.011674,1058.286566,1058.286566,0.854757711,optimistic-synthetic-what-if-not-measured,
kubernetes-default,heavy-056-3ce5c058,57,0.545116821,47.866432,1091.100942,1091.100942,0.854757711,optimistic-synthetic-what-if-not-measured,
kubernetes-default,heavy-057-9abd5dfd,58,0.506898474,48.72119,1162.442455,1162.442455,0.854757711,optimistic-synthetic-what-if-not-measured,
kubernetes-default,heavy-058-bcacae46,59,0.494351726,49.575947,1199.8514,1199.8514,0.854757711,optimistic-synthetic-what-if-not-measured,
kubernetes-default,heavy-059-31d6699d,60,0.550669607,50.430705,1068.962423,1068.962423,0.854757711,optimistic-synthetic-what-if-not-measured,
kubernetes-default,heavy-060-0b6542b3,61,0.663811366,51.285463,792.636489,792.636489,0.854757711,optimistic-synthetic-what-if-not-measured,
kubernetes-default,heavy-061-fecc2ff9,62,0.568642513,52.14022,1172.320382,1172.320382,0.854757711,optimistic-synthetic-what-if-not-measured,
kubernetes-default,heavy-062-43dd4de0,63,0.174434291,52.994978,1301.769996,1301.769996,0.854757711,optimistic-synthetic-what-if-not-measured,
kubernetes-default,heavy-063-653e17ff,64,0.513896012,53.849736,1152.720335,1152.720335,0.854757711,optimistic-synthetic-what-if-not-measured,
kubernetes-default,heavy-064-333342bd,65,0.290922962,54.704493,1280.411829,1280.411829,0.854757711,optimistic-synthetic-what-if-not-measured,
kubernetes-default,heavy-065-360e09f7,66,0.657089653,55.559251,940.073912,940.073912,0.854757711,optimistic-synthetic-what-if-not-measured,
kubernetes-default,heavy-066-0d6a0878,67,0.673718239,56.414009,775.925941,775.925941,0.854757711,optimistic-synthetic-what-if-not-measured,
kubernetes-default,heavy-067-d32a0622,68,0.557592196,57.268767,1201.235795,1201.235795,0.854757711,optimistic-synthetic-what-if-not-measured,
kubernetes-default,heavy-068-b48baf41,69,0.24215766,58.123524,1299.50128,1299.50128,0.854757711,optimistic-synthetic-what-if-not-measured,
kubernetes-default,heavy-069-b79dca0b,70,0.292905382,58.978282,1283.151959,1283.151959,0.854757711,optimistic-synthetic-what-if-not-measured,
kubernetes-default,heavy-070-53ccd3f6,71,0.455432281,59.83304,1128.658713,1128.658713,0.854757711,optimistic-synthetic-what-if-not-measured,
kubernetes-default,heavy-071-bcd564aa,72,0.307910512,60.687797,1286.39451,1286.39451,0.854757711,optimistic-synthetic-what-if-not-measured,
kubernetes-default,heavy-072-bb1d3a18,73,0.361918474,61.542555,1279.370598,1279.370598,0.854757711,optimistic-synthetic-what-if-not-measured,
kubernetes-default,heavy-073-7734485a,74,0.538223905,62.397313,998.535457,998.535457,0.854757711,optimistic-synthetic-what-if-not-measured,
kubernetes-default,heavy-074-ed176958,75,0.507169793,63.252071,1250.751324,1250.751324,0.854757711,optimistic-synthetic-what-if-not-measured,
kubernetes-default,heavy-075-b03aebc1,76,0.290974684,64.106828,1292.986024,1292.986024,0.854757711,optimistic-synthetic-what-if-not-measured,
kubernetes-default,heavy-076-b2c8f63b,77,0.633342441,64.961586,1003.203748,1003.203748,0.854757711,optimistic-synthetic-what-if-not-measured,
kubernetes-default,heavy-077-26d7cfc9,78,0.751379261,65.816344,593.910612,593.910612,0.854757711,optimistic-synthetic-what-if-not-measured,
kubernetes-default,heavy-078-1496043e,79,0.462957958,66.671101,1153.203042,1153.203042,0.854757711,optimistic-synthetic-what-if-not-measured,
kubernetes-default,heavy-079-718e54c7,80,0.465252756,67.525859,1187.087929,1187.087929,0.854757711,optimistic-synthetic-what-if-not-measured,
kubernetes-default,heavy-080-a64424af,81,0.1099778,68.380617,1304.510861,1304.510861,0.854757711,optimistic-synthetic-what-if-not-measured,
kubernetes-default,heavy-081-7916c35c,82,0.552796052,69.235375,932.472568,932.472568,0.854757711,optimistic-synthetic-what-if-not-measured,
kubernetes-default,heavy-082-92d9fc3a,83,0.597243905,70.090132,1075.430279,1075.430279,0.854757711,optimistic-synthetic-what-if-not-measured,
kubernetes-default,heavy-083-3e740750,84,0.519733881,70.94489,1143.478952,1143.478952,0.854757711,optimistic-synthetic-what-if-not-measured,
kubernetes-default,heavy-084-c80db7b3,85,0.473827494,71.799648,1124.941456,1124.941456,0.854757711,optimistic-synthetic-what-if-not-measured,
kubernetes-default,heavy-085-e542191f,86,0.390949842,72.654405,1230.041461,1230.041461,0.854757711,optimistic-synthetic-what-if-not-measured,
kubernetes-default,heavy-086-c9661d5b,87,0.549388618,73.509163,1038.608875,1038.608875,0.854757711,optimistic-synthetic-what-if-not-measured,
kubernetes-default,heavy-087-4a3ffd66,88,0.626936364,74.363921,1183.831438,1183.831438,0.854757711,optimistic-synthetic-what-if-not-measured,
kubernetes-default,heavy-088-4f8df952,89,0.356392544,75.218679,1259.945967,1259.945967,0.854757711,optimistic-synthetic-what-if-not-measured,
kubernetes-default,heavy-089-1c4c66ce,90,0.596427186,76.073436,961.712352,961.712352,0.854757711,optimistic-synthetic-what-if-not-measured,
kubernetes-default,heavy-090-70d9c26f,91,0.369793262,76.928194,1261.078739,1261.078739,0.854757711,optimistic-synthetic-what-if-not-measured,
kubernetes-default,heavy-091-8da8381a,92,0.623526159,77.782952,756.440195,756.440195,0.854757711,optimistic-synthetic-what-if-not-measured,
kubernetes-default,heavy-092-60e427bf,93,0.601436575,78.637709,965.384552,965.384552,0.854757711,optimistic-synthetic-what-if-not-measured,
kubernetes-default,heavy-093-9b7261fa,94,0.80605576,79.577943,621.631113,621.631113,0.854757711,optimistic-synthetic-what-if-not-measured,
kubernetes-default,heavy-094-a756609d,95,0.638608859,80.432701,810.905162,810.905162,0.854757711,optimistic-synthetic-what-if-not-measured,
kubernetes-default,heavy-095-506191fc,96,0.732883203,81.287458,705.091705,705.091705,0.854757711,optimistic-synthetic-what-if-not-measured,
kubernetes-default,heavy-096-46d2f7e6,97,0.583257592,82.142216,1138.2647,1138.2647,0.854757711,optimistic-synthetic-what-if-not-measured,
kubernetes-default,heavy-097-4affd5bf,98,0.28949557,82.996974,1300.341631,1300.341631,0.854757711,optimistic-synthetic-what-if-not-measured,
kubernetes-default,heavy-098-c87c5992,99,0.492851557,83.851731,1184.739099,1184.739099,0.854757711,optimistic-synthetic-what-if-not-measured,
kubernetes-default,heavy-099-b2d5c0a9,100,0.629747984,84.706489,957.221886,957.221886,0.854757711,optimistic-synthetic-what-if-not-measured,
kubernetes-default,heavy-100-28fff950,101,0.938308921,85.561247,459.745739,459.745739,0.854757711,optimistic-synthetic-what-if-not-measured,
kubernetes-default,heavy-101-b85ee59a,102,0.684729907,86.416005,882.070565,882.070565,0.854757711,optimistic-synthetic-what-if-not-measured,
kubernetes-default,heavy-102-5366e38e,103,0.216784258,87.270762,1298.130696,1298.130696,0.854757711,optimistic-synthetic-what-if-not-measured,
kubernetes-default,heavy-103-61e25702,104,0.538384243,88.12552,1075.288844,1075.288844,0.854757711,optimistic-synthetic-what-if-not-measured,
kubernetes-default,heavy-104-47179202,105,0.775790991,88.980278,639.155287,639.155287,0.854757711,optimistic-synthetic-what-if-not-measured,
kubernetes-default,heavy-105-e968bcda,106,0.415718461,89.835035,1259.246906,1259.246906,0.854757711,optimistic-synthetic-what-if-not-measured,
kubernetes-default,heavy-106-dfb5197d,107,0.305031426,90.689793,1293.013662,1293.013662,0.854757711,optimistic-synthetic-what-if-not-measured,
kubernetes-default,heavy-107-b44a1c3b,108,0.729511012,91.544551,747.02845,747.02845,0.854757711,optimistic-synthetic-what-if-not-measured,
kubernetes-default,heavy-108-bd59072b,109,0.432253178,92.399309,1244.456665,1244.456665,0.854757711,optimistic-synthetic-what-if-not-measured,
kubernetes-default,heavy-109-dcd7ef90,110,0.269558252,93.254066,1295.64357,1295.64357,0.854757711,optimistic-synthetic-what-if-not-measured,
kubernetes-default,heavy-110-48e6e0d2,111,0.497061874,94.108824,1204.197992,1204.197992,0.854757711,optimistic-synthetic-what-if-not-measured,
kubernetes-default,heavy-111-d5a4a305,112,0.460711711,94.963582,1247.626024,1247.626024,0.854757711,optimistic-synthetic-what-if-not-measured,
kubernetes-default,heavy-112-89e36742,113,0.552587517,95.818339,905.98048,905.98048,0.854757711,optimistic-synthetic-what-if-not-measured,
kubernetes-default,heavy-113-2735b5df,114,0.553749577,96.673097,993.549897,993.549897,0.854757711,optimistic-synthetic-what-if-not-measured,
kubernetes-default,heavy-114-e461f442,115,0.683212835,97.527855,774.613443,774.613443,0.854757711,optimistic-synthetic-what-if-not-measured,
kubernetes-default,heavy-115-0a7c27fd,116,0.798665635,98.382613,718.01321,718.01321,0.854757711,optimistic-synthetic-what-if-not-measured,
kubernetes-default,heavy-116-927f9a89,117,0.578183589,99.23737,944.525865,944.525865,0.854757711,optimistic-synthetic-what-if-not-measured,
kubernetes-default,heavy-117-7b62a082,118,0.653608238,100.092128,1038.761238,1038.761238,0.854757711,optimistic-synthetic-what-if-not-measured,
kubernetes-default,heavy-118-67312cd8,119,0.332168425,100.946886,1277.742965,1277.742965,0.854757711,optimistic-synthetic-what-if-not-measured,
kubernetes-default,heavy-119-13395d0a,120,0.279453932,101.801643,1298.764444,1298.764444,0.854757711,optimistic-synthetic-what-if-not-measured,
kubernetes-default,heavy-120-6e73f800,121,0.691726431,102.656401,850.939718,850.939718,0.854757711,optimistic-synthetic-what-if-not-measured,
kubernetes-default,heavy-121-de945472,122,0.449935743,103.511159,1154.559978,1154.559978,0.854757711,optimistic-synthetic-what-if-not-measured,
kubernetes-default,heavy-122-b87d5a7d,123,0.392164416,104.365916,1250.463953,1250.463953,0.854757711,optimistic-synthetic-what-if-not-measured,
kubernetes-default,heavy-123-b4d644dd,124,0.593021611,105.220674,1042.492073,1042.492073,0.854757711,optimistic-synthetic-what-if-not-measured,
kubernetes-default,heavy-124-e14d9a9b,125,0.64692753,106.075432,986.149209,986.149209,0.854757711,optimistic-synthetic-what-if-not-measured,
kubernetes-default,heavy-125-9e01c224,126,0.186785144,106.93019,1303.902643,1303.902643,0.854757711,optimistic-synthetic-what-if-not-measured,
kubernetes-default,heavy-126-e37318f5,127,0.428307895,107.784947,1270.226943,1270.226943,0.854757711,optimistic-synthetic-what-if-not-measured,
kubernetes-default,heavy-127-6e85e449,128,0.901010563,108.639705,498.247477,498.247477,0.854757711,optimistic-synthetic-what-if-not-measured,
kubernetes-default,heavy-128-09571942,129,0.607940621,109.494463,1118.61129,1118.61129,0.854757711,optimistic-synthetic-what-if-not-measured,
kubernetes-default,heavy-129-2c4028d3,130,0.454549503,110.34922,1212.543776,1212.543776,0.854757711,optimistic-synthetic-what-if-not-measured,
kubernetes-default,heavy-130-706fee78,131,0.799454237,111.203978,588.569784,588.569784,0.854757711,optimistic-synthetic-what-if-not-measured,
kubernetes-default,heavy-131-12d412a7,132,0.561106887,112.058736,1171.414443,1171.414443,0.854757711,optimistic-synthetic-what-if-not-measured,
kubernetes-default,heavy-132-1ef7fe99,133,0.607549195,112.913494,1169.473485,1169.473485,0.854757711,optimistic-synthetic-what-if-not-measured,
kubernetes-default,heavy-133-888072a8,134,0.552188559,113.768251,1119.508805,1119.508805,0.854757711,optimistic-synthetic-what-if-not-measured,
kubernetes-default,heavy-134-21dcbca1,135,0.708172842,114.623009,760.115317,760.115317,0.854757711,optimistic-synthetic-what-if-not-measured,
kubernetes-default,heavy-135-5b2d0009,136,0.578960241,115.477767,1219.92791,1219.92791,0.854757711,optimistic-synthetic-what-if-not-measured,
kubernetes-default,heavy-136-664d00e9,137,0.653343795,116.332524,998.153993,998.153993,0.854757711,optimistic-synthetic-what-if-not-measured,
kubernetes-default,heavy-137-09bab1e5,138,0.466437367,117.187282,1237.6825,1237.6825,0.854757711,optimistic-synthetic-what-if-not-measured,
kubernetes-default,heavy-138-7a1ed322,139,0.667769549,118.04204,925.836327,925.836327,0.854757711,optimistic-synthetic-what-if-not-measured,
kubernetes-default,heavy-139-b13dafd9,140,0.615621725,118.896798,842.254005,842.254005,0.854757711,optimistic-synthetic-what-if-not-measured,
kubernetes-default,heavy-140-3d24e8f1,141,0.648764803,119.751555,1127.020153,1127.020153,0.854757711,optimistic-synthetic-what-if-not-measured,
kubernetes-default,heavy-141-f387dd24,142,0.856415208,120.606313,550.531228,550.531228,0.854757711,optimistic-synthetic-what-if-not-measured,
kubernetes-default,heavy-142-15d4fc05,143,0.296138458,121.461071,1289.234331,1289.234331,0.854757711,optimistic-synthetic-what-if-not-measured,
kubernetes-default,heavy-143-0a513c6f,144,0.302652765,122.315828,1272.18971,1272.18971,0.854757711,optimistic-synthetic-what-if-not-measured,
kubernetes-default,heavy-144-654bcf2d,145,0.258484522,123.170586,1291.907198,1291.907198,0.854757711,optimistic-synthetic-what-if-not-measured,
kubernetes-default,heavy-145-9b0b97ef,146,0.53665104,124.025344,1157.021144,1157.021144,0.854757711,optimistic-synthetic-what-if-not-measured,
kubernetes-default,heavy-146-3597c702,147,0.50153091,124.880102,1144.259578,1144.259578,0.854757711,optimistic-synthetic-what-if-not-measured,
kubernetes-default,heavy-147-84a75dd3,148,0.659671069,125.734859,1206.974738,1206.974738,0.854757711,optimistic-synthetic-what-if-not-measured,
kubernetes-default,heavy-148-095f7a2e,149,0.54118501,126.589617,1230.17528,1230.17528,0.854757711,optimistic-synthetic-what-if-not-measured,
kubernetes-default,heavy-149-33f7e4b5,150,0.22068883,127.444375,1299.46852,1299.46852,0.854757711,optimistic-synthetic-what-if-not-measured,
kubernetes-default,heavy-150-c111b543,151,0.521325193,128.299132,1235.143102,1235.143102,0.854757711,optimistic-synthetic-what-if-not-measured,
kubernetes-default,heavy-151-e0e9bb33,152,0.549153242,129.15389,1035.97369,1035.97369,0.854757711,optimistic-synthetic-what-if-not-measured,
kubernetes-default,heavy-152-4f125415,153,0.704471477,130.008648,946.258589,946.258589,0.854757711,optimistic-synthetic-what-if-not-measured,
kubernetes-default,heavy-153-8e0e86e5,154,0.49736397,130.863406,1238.76726,1238.76726,0.854757711,optimistic-synthetic-what-if-not-measured,
kubernetes-default,heavy-154-c82de92e,155,0.342206208,131.718163,1275.438908,1275.438908,0.854757711,optimistic-synthetic-what-if-not-measured,
kubernetes-default,heavy-155-b2937f5b,156,0.568330992,132.572921,1174.448947,1174.448947,0.854757711,optimistic-synthetic-what-if-not-measured,
kubernetes-default,heavy-156-6fd71d38,157,0.478156885,133.427679,1240.699322,1240.699322,0.854757711,optimistic-synthetic-what-if-not-measured,
kubernetes-default,heavy-157-6c4bfe7a,158,0.575706591,134.282436,1082.918275,1082.918275,0.854757711,optimistic-synthetic-what-if-not-measured,
kubernetes-default,heavy-158-1959c4fb,159,0.682568295,135.137194,759.871102,759.871102,0.854757711,optimistic-synthetic-what-if-not-measured,
kubernetes-default,heavy-159-b2ff5ba7,160,0.458740927,135.991952,1243.256515,1243.256515,0.854757711,optimistic-synthetic-what-if-not-measured,
kubernetes-default,heavy-160-5abf716f,161,0.589501253,136.846709,1039.862032,1039.862032,0.854757711,optimistic-synthetic-what-if-not-measured,
kubernetes-default,heavy-161-04630ea2,162,0.633255215,137.701467,910.260428,910.260428,0.854757711,optimistic-synthetic-what-if-not-measured,
kubernetes-default,heavy-162-676b9d7b,163,0.205812415,138.556225,1296.495244,1296.495244,0.854757711,optimistic-synthetic-what-if-not-measured,
kubernetes-default,heavy-163-90f2ace5,164,0.593088616,139.410983,1093.320458,1093.320458,0.854757711,optimistic-synthetic-what-if-not-measured,
kubernetes-default,heavy-164-f0578732,165,0.697713932,140.26574,1014.492453,1014.492453,0.854757711,optimistic-synthetic-what-if-not-measured,
kubernetes-default,heavy-165-0f4342fa,166,0.760563816,141.120498,730.83265,730.83265,0.854757711,optimistic-synthetic-what-if-not-measured,
kubernetes-default,heavy-166-e044ca0c,167,0.842625552,141.975256,601.294518,601.294518,0.854757711,optimistic-synthetic-what-if-not-measured,
kubernetes-default,heavy-167-a6e15368,168,0.661274198,142.830013,880.096636,880.096636,0.854757711,optimistic-synthetic-what-if-not-measured,
kubernetes-default,heavy-168-beb1f8b9,169,0.401974496,143.684771,1187.979497,1187.979497,0.854757711,optimistic-synthetic-what-if-not-measured,
kubernetes-default,heavy-169-77b26720,170,0.766258591,144.539529,879.436855,879.436855,0.854757711,optimistic-synthetic-what-if-not-measured,
kubernetes-default,heavy-170-eb524240,171,0.510765073,145.394287,1051.924529,1051.924529,0.854757711,optimistic-synthetic-what-if-not-measured,
kubernetes-default,heavy-171-e2a91836,172,0.675699539,146.249044,832.804853,832.804853,0.854757711,optimistic-synthetic-what-if-not-measured,
kubernetes-default,heavy-172-46ec5a13,173,0.806130288,147.103802,638.626913,638.626913,0.854757711,optimistic-synthetic-what-if-not-measured,
kubernetes-default,heavy-173-a74cbdae,174,0.540558982,147.95856,1063.506883,1063.506883,0.854757711,optimistic-synthetic-what-if-not-measured,
kubernetes-default,heavy-174-711a3a52,175,0.766920623,148.813317,722.729575,722.729575,0.854757711,optimistic-synthetic-what-if-not-measured,
kubernetes-default,heavy-175-1c042de1,176,0.618258495,149.668075,903.863817,903.863817,0.854757711,optimistic-synthetic-what-if-not-measured,
kubernetes-default,heavy-176-ad057015,177,0.468323109,150.522833,1209.120849,1209.120849,0.854757711,optimistic-synthetic-what-if-not-measured,
kubernetes-default,heavy-177-94fca623,178,0.73420346,151.377591,1019.815513,1019.815513,0.854757711,optimistic-synthetic-what-if-not-measured,
kubernetes-default,heavy-178-ffc70465,179,0.688560088,152.232348,1132.280323,1132.280323,0.854757711,optimistic-synthetic-what-if-not-measured,
kubernetes-default,heavy-179-f8574ef7,180,0.478757196,153.087106,1080.830634,1080.830634,0.854757711,optimistic-synthetic-what-if-not-measured,
kubernetes-default,heavy-180-abb701a4,181,0.207227465,153.941864,1299.334868,1299.334868,0.854757711,optimistic-synthetic-what-if-not-measured,
kubernetes-default,heavy-181-339c92f5,182,0.417496917,154.796621,1267.149717,1267.149717,0.854757711,optimistic-synthetic-what-if-not-measured,
kubernetes-default,heavy-182-ea79edcc,183,0.482833083,155.651379,1225.258931,1225.258931,0.854757711,optimistic-synthetic-what-if-not-measured,
kubernetes-default,heavy-183-b2188232,184,0.415903154,156.506137,1257.383444,1257.383444,0.854757711,optimistic-synthetic-what-if-not-measured,
kubernetes-default,heavy-184-ef61f337,185,0.624951161,157.360895,1190.668779,1190.668779,0.854757711,optimistic-synthetic-what-if-not-measured,
kubernetes-default,heavy-185-7bd14a82,186,0.757323072,158.215652,925.955369,925.955369,0.854757711,optimistic-synthetic-what-if-not-measured,
kubernetes-default,heavy-186-bb495590,187,0.537663956,159.07041,1121.012292,1121.012292,0.854757711,optimistic-synthetic-what-if-not-measured,
kubernetes-default,heavy-187-8326824d,188,0.535549761,159.925168,1050.758555,1050.758555,0.854757711,optimistic-synthetic-what-if-not-measured,
kubernetes-default,heavy-188-a315eabd,189,0.417232144,160.779925,1225.162113,1225.162113,0.854757711,optimistic-synthetic-what-if-not-measured,
kubernetes-default,heavy-189-166e85c5,190,0.319975266,161.634683,1280.815492,1280.815492,0.854757711,optimistic-synthetic-what-if-not-measured,
kubernetes-default,heavy-190-6e8c97f1,191,0.479257304,162.489441,1146.187883,1146.187883,0.854757711,optimistic-synthetic-what-if-not-measured,
kubernetes-default,heavy-191-c23ece8f,192,0.685019472,163.344199,1104.60501,1104.60501,0.854757711,optimistic-synthetic-what-if-not-measured,
kubernetes-default,heavy-192-72251142,193,0.581786734,164.198956,948.494265,948.494265,0.854757711,optimistic-synthetic-what-if-not-measured,
kubernetes-default,heavy-193-354ea1c1,194,0.644867364,165.053714,1035.157418,1035.157418,0.854757711,optimistic-synthetic-what-if-not-measured,
kubernetes-default,heavy-194-1d536a50,195,0.615608502,165.908472,1194.979322,1194.979322,0.854757711,optimistic-synthetic-what-if-not-measured,
kubernetes-default,heavy-195-592c4a1a,196,0.241211593,166.763229,1299.31594,1299.31594,0.854757711,optimistic-synthetic-what-if-not-measured,
kubernetes-default,heavy-196-544df2c8,197,0.493044442,167.617987,1104.118233,1104.118233,0.854757711,optimistic-synthetic-what-if-not-measured,
kubernetes-default,heavy-197-b2d1e42f,198,0.55696635,168.472745,1193.419829,1193.419829,0.854757711,optimistic-synthetic-what-if-not-measured,
kubernetes-default,heavy-198-af7c3c86,199,0.546820298,169.327502,1254.529554,1254.529554,0.854757711,optimistic-synthetic-what-if-not-measured,
kubernetes-default,heavy-199-4494c14f,200,0.672398231,170.18226,802.911508,802.911508,0.854757711,optimistic-synthetic-what-if-not-measured,
duration-only,heavy-127-6e85e449,1,1.0,0.0,2.58976,2.58976,0.854757711,optimistic-synthetic-what-if-not-measured,
duration-only,heavy-100-28fff950,2,0.995875565,0.854758,3.550114,3.550114,0.854757711,optimistic-synthetic-what-if-not-measured,
duration-only,heavy-141-f387dd24,3,0.991733703,1.709515,4.510914,4.510914,0.854757711,optimistic-synthetic-what-if-not-measured,
duration-only,heavy-166-e044ca0c,4,0.986020209,2.564273,5.511951,5.511951,0.854757711,optimistic-synthetic-what-if-not-measured,
duration-only,heavy-130-706fee78,5,0.97737602,3.419031,6.588022,6.588022,0.854757711,optimistic-synthetic-what-if-not-measured,
duration-only,heavy-172-46ec5a13,6,0.977135542,4.273789,7.448936,7.448936,0.854757711,optimistic-synthetic-what-if-not-measured,
duration-only,heavy-174-711a3a52,7,0.952371906,5.128546,9.041333,9.041333,0.854757711,optimistic-synthetic-what-if-not-measured,
duration-only,heavy-104-47179202,8,0.950453264,5.983304,10.094488,10.094488,0.854757711,optimistic-synthetic-what-if-not-measured,
duration-only,heavy-093-9b7261fa,9,0.948398308,6.838062,11.243444,11.243444,0.854757711,optimistic-synthetic-what-if-not-measured,
duration-only,heavy-165-0f4342fa,10,0.947404216,7.692819,12.449872,12.449872,0.854757711,optimistic-synthetic-what-if-not-measured,
duration-only,heavy-077-26d7cfc9,11,0.943217183,8.547577,13.88787,13.88787,0.854757711,optimistic-synthetic-what-if-not-measured,
duration-only,heavy-158-1959c4fb,12,0.935980834,9.402335,15.486114,15.486114,0.854757711,optimistic-synthetic-what-if-not-measured,
duration-only,heavy-048-bf8f5880,13,0.934692046,10.257093,16.904242,16.904242,0.854757711,optimistic-synthetic-what-if-not-measured,
duration-only,heavy-115-0a7c27fd,14,0.932809961,11.11185,18.458783,18.458783,0.854757711,optimistic-synthetic-what-if-not-measured,
duration-only,heavy-199-4494c14f,15,0.93072182,11.966608,20.151019,20.151019,0.854757711,optimistic-synthetic-what-if-not-measured,
duration-only,heavy-033-10e0b8a8,16,0.929266004,12.821366,21.883341,21.883341,0.854757711,optimistic-synthetic-what-if-not-measured,
duration-only,heavy-000-5835d092,17,0.927770191,13.676123,23.688774,23.688774,0.854757711,optimistic-synthetic-what-if-not-measured,
duration-only,heavy-134-21dcbca1,18,0.927719345,14.530881,25.486668,25.486668,0.854757711,optimistic-synthetic-what-if-not-measured,
duration-only,heavy-032-aba68153,19,0.926944997,15.385639,27.319531,27.319531,0.854757711,optimistic-synthetic-what-if-not-measured,
duration-only,heavy-095-506191fc,20,0.925093593,16.240397,29.428181,29.428181,0.854757711,optimistic-synthetic-what-if-not-measured,
duration-only,heavy-024-3bcedff7,21,0.921185932,17.095154,31.877496,31.877496,0.854757711,optimistic-synthetic-what-if-not-measured,
duration-only,heavy-107-b44a1c3b,22,0.919298973,17.949912,34.310923,34.310923,0.854757711,optimistic-synthetic-what-if-not-measured,
duration-only,heavy-041-79009bbb,23,0.913889489,18.80467,37.492202,37.492202,0.854757711,optimistic-synthetic-what-if-not-measured,
duration-only,heavy-114-e461f442,24,0.913771971,19.659427,40.034638,40.034638,0.854757711,optimistic-synthetic-what-if-not-measured,
duration-only,heavy-171-e2a91836,25,0.913026102,20.514185,42.810596,42.810596,0.854757711,optimistic-synthetic-what-if-not-measured,
duration-only,heavy-020-3d1c896a,26,0.912672414,21.368943,45.687816,45.687816,0.854757711,optimistic-synthetic-what-if-not-measured,
duration-only,heavy-091-8da8381a,27,0.905944329,22.2237,50.464629,50.464629,0.854757711,optimistic-synthetic-what-if-not-measured,
duration-only,heavy-139-b13dafd9,28,0.899461596,23.078458,56.105874,56.105874,0.854757711,optimistic-synthetic-what-if-not-measured,
duration-only,heavy-012-f6437e0f,29,0.895520348,23.933216,61.631875,61.631875,0.854757711,optimistic-synthetic-what-if-not-measured,
duration-only,heavy-169-77b26720,30,0.89422298,24.787974,66.850155,66.850155,0.854757711,optimistic-synthetic-what-if-not-measured,
duration-only,heavy-011-3175cc9d,31,0.893876036,25.642731,71.949412,71.949412,0.854757711,optimistic-synthetic-what-if-not-measured,
duration-only,heavy-167-a6e15368,32,0.893419687,26.497489,77.832027,77.832027,0.854757711,optimistic-synthetic-what-if-not-measured,
duration-only,heavy-094-a756609d,33,0.888680922,27.352247,87.536593,87.536593,0.854757711,optimistic-synthetic-what-if-not-measured,
duration-only,heavy-120-6e73f800,34,0.888170855,28.207004,95.603026,95.603026,0.854757711,optimistic-synthetic-what-if-not-measured,
duration-only,heavy-175-1c042de1,35,0.885816964,29.061762,106.676932,106.676932,0.854757711,optimistic-synthetic-what-if-not-measured,
duration-only,heavy-040-0f14f5d2,36,0.883830983,29.91652,119.600292,119.600292,0.854757711,optimistic-synthetic-what-if-not-measured,
duration-only,heavy-161-04630ea2,37,0.879367182,30.771278,140.529362,140.529362,0.854757711,optimistic-synthetic-what-if-not-measured,
duration-only,heavy-044-6477f458,38,0.879047481,31.626035,157.11735,157.11735,0.854757711,optimistic-synthetic-what-if-not-measured,
duration-only,heavy-185-7bd14a82,39,0.878908563,32.480793,176.793239,176.793239,0.854757711,optimistic-synthetic-what-if-not-measured,
duration-only,heavy-025-1333b6f5,40,0.877418359,33.335551,200.619144,200.619144,0.854757711,optimistic-synthetic-what-if-not-measured,
duration-only,heavy-066-0d6a0878,41,0.876625382,34.190308,220.896867,220.896867,0.854757711,optimistic-synthetic-what-if-not-measured,
duration-only,heavy-192-72251142,42,0.870325736,35.045066,257.212431,257.212431,0.854757711,optimistic-synthetic-what-if-not-measured,
duration-only,heavy-018-f64faa83,43,0.868297656,35.899824,279.67177,279.67177,0.854757711,optimistic-synthetic-what-if-not-measured,
duration-only,heavy-101-b85ee59a,44,0.865602462,36.754582,302.910055,302.910055,0.854757711,optimistic-synthetic-what-if-not-measured,
duration-only,heavy-138-7a1ed322,45,0.86524213,37.609339,318.385885,318.385885,0.854757711,optimistic-synthetic-what-if-not-measured,
duration-only,heavy-060-0b6542b3,46,0.863211078,38.464097,338.39947,338.39947,0.854757711,optimistic-synthetic-what-if-not-measured,
duration-only,heavy-112-89e36742,47,0.862114292,39.318855,354.80477,354.80477,0.854757711,optimistic-synthetic-what-if-not-measured,
duration-only,heavy-152-4f125415,48,0.860914176,40.173612,370.71479,370.71479,0.854757711,optimistic-synthetic-what-if-not-measured,
duration-only,heavy-028-e48c3cf5,49,0.85192775,41.02837,407.975502,407.975502,0.854757711,optimistic-synthetic-what-if-not-measured,
duration-only,heavy-116-927f9a89,50,0.847435839,41.883128,431.897665,431.897665,0.854757711,optimistic-synthetic-what-if-not-measured,
duration-only,heavy-042-6a3ada7a,51,0.84321098,42.737886,454.28289,454.28289,0.854757711,optimistic-synthetic-what-if-not-measured,
duration-only,heavy-035-140648c1,52,0.838981647,43.592643,476.382506,476.382506,0.854757711,optimistic-synthetic-what-if-not-measured,
duration-only,heavy-099-b2d5c0a9,53,0.831883315,44.447401,505.400398,505.400398,0.854757711,optimistic-synthetic-what-if-not-measured,
duration-only,heavy-124-e14d9a9b,54,0.830889122,45.302159,517.630368,517.630368,0.854757711,optimistic-synthetic-what-if-not-measured,
duration-only,heavy-177-94fca623,55,0.830487526,46.156916,527.977995,527.977995,0.854757711,optimistic-synthetic-what-if-not-measured,
duration-only,heavy-081-7916c35c,56,0.830011279,47.011674,538.194344,538.194344,0.854757711,optimistic-synthetic-what-if-not-measured,
duration-only,heavy-164-f0578732,57,0.830007607,47.866432,546.719517,546.719517,0.854757711,optimistic-synthetic-what-if-not-measured,
duration-only,heavy-136-664d00e9,58,0.829676788,48.72119,555.619334,555.619334,0.854757711,optimistic-synthetic-what-if-not-measured,
duration-only,heavy-193-354ea1c1,59,0.825541102,49.575947,573.519173,573.519173,0.854757711,optimistic-synthetic-what-if-not-measured,
duration-only,heavy-092-60e427bf,60,0.823166912,50.430705,586.602259,586.602259,0.854757711,optimistic-synthetic-what-if-not-measured,
duration-only,heavy-089-1c4c66ce,61,0.822786983,51.285463,594.680139,594.680139,0.854757711,optimistic-synthetic-what-if-not-measured,
duration-only,heavy-113-2735b5df,62,0.821826343,52.14022,603.807857,603.807857,0.854757711,optimistic-synthetic-what-if-not-measured,
duration-only,heavy-187-8326824d,63,0.814795884,52.994978,626.917736,626.917736,0.854757711,optimistic-synthetic-what-if-not-measured,
duration-only,heavy-160-5abf716f,64,0.814576006,53.849736,633.617853,633.617853,0.854757711,optimistic-synthetic-what-if-not-measured,
duration-only,heavy-151-e0e9bb33,65,0.814090211,54.704493,640.633039,640.633039,0.854757711,optimistic-synthetic-what-if-not-measured,
duration-only,heavy-039-11fc45bc,66,0.813403834,55.559251,647.817827,647.817827,0.854757711,optimistic-synthetic-what-if-not-measured,
duration-only,heavy-065-360e09f7,67,0.810605145,56.414009,659.538668,659.538668,0.854757711,optimistic-synthetic-what-if-not-measured,
duration-only,heavy-009-35a75ca2,68,0.810250422,57.268767,665.626077,665.626077,0.854757711,optimistic-synthetic-what-if-not-measured,
duration-only,heavy-170-eb524240,69,0.809921439,58.123524,671.407292,671.407292,0.854757711,optimistic-synthetic-what-if-not-measured,
duration-only,heavy-029-c0897f86,70,0.803811825,58.978282,689.494474,689.494474,0.854757711,optimistic-synthetic-what-if-not-measured,
duration-only,heavy-173-a74cbdae,71,0.803231815,59.83304,695.356458,695.356458,0.854757711,optimistic-synthetic-what-if-not-measured,
duration-only,heavy-023-91faf260,72,0.802427554,60.687797,701.476464,701.476464,0.854757711,optimistic-synthetic-what-if-not-measured,
duration-only,heavy-123-b4d644dd,73,0.799597783,61.542555,711.615773,711.615773,0.854757711,optimistic-synthetic-what-if-not-measured,
duration-only,heavy-117-7b62a082,74,0.799016371,62.397313,716.964033,716.964033,0.854757711,optimistic-synthetic-what-if-not-measured,
duration-only,heavy-022-eb6cad00,75,0.797672964,63.252071,723.695286,723.695286,0.854757711,optimistic-synthetic-what-if-not-measured,
duration-only,heavy-179-f8574ef7,76,0.792925819,64.106828,737.065078,737.065078,0.854757711,optimistic-synthetic-what-if-not-measured,
duration-only,heavy-076-b2c8f63b,77,0.79096865,64.961586,744.616366,744.616366,0.854757711,optimistic-synthetic-what-if-not-measured,
duration-only,heavy-073-7734485a,78,0.790560844,65.816344,748.930708,748.930708,0.854757711,optimistic-synthetic-what-if-not-measured,
duration-only,heavy-157-6c4bfe7a,79,0.785490792,66.671101,762.100586,762.100586,0.854757711,optimistic-synthetic-what-if-not-measured,
duration-only,heavy-086-c9661d5b,80,0.779793725,67.525859,776.264518,776.264518,0.854757711,optimistic-synthetic-what-if-not-measured,
duration-only,heavy-163-90f2ace5,81,0.779717071,68.380617,779.600212,779.600212,0.854757711,optimistic-synthetic-what-if-not-measured,
duration-only,heavy-196-544df2c8,82,0.779674905,69.235375,782.741175,782.741175,0.854757711,optimistic-synthetic-what-if-not-measured,
duration-only,heavy-191-c23ece8f,83,0.778244729,70.090132,788.30096,788.30096,0.854757711,optimistic-synthetic-what-if-not-measured,
duration-only,heavy-006-2f8513b1,84,0.776488608,70.94489,794.297307,794.297307,0.854757711,optimistic-synthetic-what-if-not-measured,
duration-only,heavy-103-61e25702,85,0.767917299,71.799648,812.283056,812.283056,0.854757711,optimistic-synthetic-what-if-not-measured,
duration-only,heavy-021-aeb0c5db,86,0.764761717,72.654405,820.490417,820.490417,0.854757711,optimistic-synthetic-what-if-not-measured,
duration-only,heavy-186-bb495590,87,0.764229883,73.509163,823.98273,823.98273,0.854757711,optimistic-synthetic-what-if-not-measured,
duration-only,heavy-036-87faed15,88,0.763625502,74.363921,827.485107,827.485107,0.854757711,optimistic-synthetic-what-if-not-measured,
duration-only,heavy-014-78a748d4,89,0.760718476,75.218679,834.756532,834.756532,0.854757711,optimistic-synthetic-what-if-not-measured,
duration-only,heavy-013-54042f54,90,0.755319976,76.073436,846.005991,846.005991,0.854757711,optimistic-synthetic-what-if-not-measured,
duration-only,heavy-082-92d9fc3a,91,0.752902151,76.928194,852.160024,852.160024,0.854757711,optimistic-synthetic-what-if-not-measured,
duration-only,heavy-178-ffc70465,92,0.752475082,77.782952,854.961819,854.961819,0.854757711,optimistic-synthetic-what-if-not-measured,
duration-only,heavy-133-888072a8,93,0.749598871,78.637709,861.612195,861.612195,0.854757711,optimistic-synthetic-what-if-not-measured,
duration-only,heavy-128-09571942,94,0.748271289,79.492467,865.695761,865.695761,0.854757711,optimistic-synthetic-what-if-not-measured,
duration-only,heavy-140-3d24e8f1,95,0.745935893,80.347225,871.227804,871.227804,0.854757711,optimistic-synthetic-what-if-not-measured,
duration-only,heavy-190-6e8c97f1,96,0.741777805,81.201983,879.405829,879.405829,0.854757711,optimistic-synthetic-what-if-not-measured,
duration-only,heavy-055-45dcbcdf,97,0.734208735,82.05674,892.52903,892.52903,0.854757711,optimistic-synthetic-what-if-not-measured,
duration-only,heavy-059-31d6699d,98,0.732867999,82.911498,896.226421,896.226421,0.854757711,optimistic-synthetic-what-if-not-measured,
duration-only,heavy-146-3597c702,99,0.731756656,83.766256,899.497742,899.497742,0.854757711,optimistic-synthetic-what-if-not-measured,
duration-only,heavy-054-8d32225f,100,0.731277872,84.621013,901.778213,901.778213,0.854757711,optimistic-synthetic-what-if-not-measured,
duration-only,heavy-015-54afe656,101,0.720782813,85.475771,918.094217,918.094217,0.854757711,optimistic-synthetic-what-if-not-measured,
duration-only,heavy-007-aa7f1a53,102,0.718648499,86.330529,922.532824,922.532824,0.854757711,optimistic-synthetic-what-if-not-measured,
duration-only,heavy-145-9b0b97ef,103,0.71795638,87.185286,924.903314,924.903314,0.854757711,optimistic-synthetic-what-if-not-measured,
duration-only,heavy-084-c80db7b3,104,0.717139032,88.040044,927.390108,927.390108,0.854757711,optimistic-synthetic-what-if-not-measured,
duration-only,heavy-026-f5c88db9,105,0.716548539,88.894802,929.522815,929.522815,0.854757711,optimistic-synthetic-what-if-not-measured,
duration-only,heavy-096-46d2f7e6,106,0.713752421,89.74956,934.460523,934.460523,0.854757711,optimistic-synthetic-what-if-not-measured,
duration-only,heavy-056-3ce5c058,107,0.713094055,90.604317,936.558779,936.558779,0.854757711,optimistic-synthetic-what-if-not-measured,
duration-only,heavy-038-a342f66d,108,0.711404272,91.459075,939.895311,939.895311,0.854757711,optimistic-synthetic-what-if-not-measured,
duration-only,heavy-121-de945472,109,0.711102298,92.313833,941.436642,941.436642,0.854757711,optimistic-synthetic-what-if-not-measured,
duration-only,heavy-155-b2937f5b,110,0.701024059,93.16859,954.816378,954.816378,0.854757711,optimistic-synthetic-what-if-not-measured,
duration-only,heavy-070-53ccd3f6,111,0.701003661,94.023348,955.925264,955.925264,0.854757711,optimistic-synthetic-what-if-not-measured,
duration-only,heavy-083-3e740750,112,0.699024991,94.878106,959.295618,959.295618,0.854757711,optimistic-synthetic-what-if-not-measured,
duration-only,heavy-132-1ef7fe99,113,0.698950107,95.732864,960.392897,960.392897,0.854757711,optimistic-synthetic-what-if-not-measured,
duration-only,heavy-131-12d412a7,114,0.69626967,96.587621,964.424244,964.424244,0.854757711,optimistic-synthetic-what-if-not-measured,
duration-only,heavy-184-ef61f337,115,0.687320769,97.442379,975.354978,975.354978,0.854757711,optimistic-synthetic-what-if-not-measured,
duration-only,heavy-168-beb1f8b9,116,0.687163756,98.297137,976.446876,976.446876,0.854757711,optimistic-synthetic-what-if-not-measured,
duration-only,heavy-197-b2d1e42f,117,0.686128733,99.151894,978.447042,978.447042,0.854757711,optimistic-synthetic-what-if-not-measured,
duration-only,heavy-078-1496043e,118,0.684684368,100.006652,980.828284,980.828284,0.854757711,optimistic-synthetic-what-if-not-measured,
duration-only,heavy-194-1d536a50,119,0.683122685,100.86141,983.271176,983.271176,0.854757711,optimistic-synthetic-what-if-not-measured,
duration-only,heavy-052-f24dbad2,120,0.680620828,101.716168,986.611791,986.611791,0.854757711,optimistic-synthetic-what-if-not-measured,
duration-only,heavy-043-f07651e1,121,0.68055576,102.570925,987.443095,987.443095,0.854757711,optimistic-synthetic-what-if-not-measured,
duration-only,heavy-051-d32f68e1,122,0.676400476,103.425683,992.253172,992.253172,0.854757711,optimistic-synthetic-what-if-not-measured,
duration-only,heavy-046-c30f5a41,123,0.674917584,104.280441,994.390414,994.390414,0.854757711,optimistic-synthetic-what-if-not-measured,
duration-only,heavy-063-653e17ff,124,0.669413319,105.135198,1000.264976,1000.264976,0.854757711,optimistic-synthetic-what-if-not-measured,
duration-only,heavy-047-6e5aa39a,125,0.66688058,105.989956,1003.267919,1003.267919,0.854757711,optimistic-synthetic-what-if-not-measured,
duration-only,heavy-098-c87c5992,126,0.662425226,106.844714,1007.943858,1007.943858,0.854757711,optimistic-synthetic-what-if-not-measured,
duration-only,heavy-087-4a3ffd66,127,0.655794861,107.699472,1014.457944,1014.457944,0.854757711,optimistic-synthetic-what-if-not-measured,
duration-only,heavy-176-ad057015,128,0.655382515,108.554229,1015.419416,1015.419416,0.854757711,optimistic-synthetic-what-if-not-measured,
duration-only,heavy-147-84a75dd3,129,0.650814985,109.408987,1019.893687,1019.893687,0.854757711,optimistic-synthetic-what-if-not-measured,
duration-only,heavy-057-9abd5dfd,130,0.650654266,110.263745,1020.586242,1020.586242,0.854757711,optimistic-synthetic-what-if-not-measured,
duration-only,heavy-079-718e54c7,131,0.644849329,111.118502,1025.872238,1025.872238,0.854757711,optimistic-synthetic-what-if-not-measured,
duration-only,heavy-061-fecc2ff9,132,0.644649315,111.97326,1026.550418,1026.550418,0.854757711,optimistic-synthetic-what-if-not-measured,
duration-only,heavy-017-7d08380e,133,0.644505156,112.828018,1027.162416,1027.162416,0.854757711,optimistic-synthetic-what-if-not-measured,
duration-only,heavy-110-48e6e0d2,134,0.639870187,113.682776,1031.197485,1031.197485,0.854757711,optimistic-synthetic-what-if-not-measured,
duration-only,heavy-129-2c4028d3,135,0.634008294,114.537533,1036.056776,1036.056776,0.854757711,optimistic-synthetic-what-if-not-measured,
duration-only,heavy-188-a315eabd,136,0.627988019,115.392291,1040.918173,1040.918173,0.854757711,optimistic-synthetic-what-if-not-measured,
duration-only,heavy-050-dd564045,137,0.627213705,116.247049,1041.901773,1041.901773,0.854757711,optimistic-synthetic-what-if-not-measured,
duration-only,heavy-182-ea79edcc,138,0.626426704,117.101806,1042.866531,1042.866531,0.854757711,optimistic-synthetic-what-if-not-measured,
duration-only,heavy-135-5b2d0009,139,0.622552528,117.956564,1045.915786,1045.915786,0.854757711,optimistic-synthetic-what-if-not-measured,
duration-only,heavy-030-588cde7a,140,0.612872681,118.811322,1052.770749,1052.770749,0.854757711,optimistic-synthetic-what-if-not-measured,
duration-only,heavy-067-d32a0622,141,0.611437631,119.666079,1054.075447,1054.075447,0.854757711,optimistic-synthetic-what-if-not-measured,
duration-only,heavy-148-095f7a2e,142,0.60669102,120.520837,1057.4588,1057.4588,0.854757711,optimistic-synthetic-what-if-not-measured,
duration-only,heavy-004-c84238c8,143,0.602715085,121.375595,1060.276631,1060.276631,0.854757711,optimistic-synthetic-what-if-not-measured,
duration-only,heavy-058-bcacae46,144,0.602447665,122.230353,1060.770994,1060.770994,0.854757711,optimistic-synthetic-what-if-not-measured,
duration-only,heavy-150-c111b543,145,0.596052703,123.08511,1064.872751,1064.872751,0.854757711,optimistic-synthetic-what-if-not-measured,
duration-only,heavy-010-40a00ce2,146,0.592844472,123.939868,1067.029326,1067.029326,0.854757711,optimistic-synthetic-what-if-not-measured,
duration-only,heavy-153-8e0e86e5,147,0.588248364,124.794626,1069.905334,1069.905334,0.854757711,optimistic-synthetic-what-if-not-measured,
duration-only,heavy-005-452f0547,148,0.587962616,125.649383,1070.345276,1070.345276,0.854757711,optimistic-synthetic-what-if-not-measured,
duration-only,heavy-137-09bab1e5,149,0.585481658,126.504141,1071.938447,1071.938447,0.854757711,optimistic-synthetic-what-if-not-measured,
duration-only,heavy-156-6fd71d38,150,0.584141924,127.358899,1072.8923,1072.8923,0.854757711,optimistic-synthetic-what-if-not-measured,
duration-only,heavy-045-088d4ef5,151,0.583177211,128.213657,1073.629501,1073.629501,0.854757711,optimistic-synthetic-what-if-not-measured,
duration-only,heavy-159-b2ff5ba7,152,0.578154701,129.068414,1076.330004,1076.330004,0.854757711,optimistic-synthetic-what-if-not-measured,
duration-only,heavy-085-e542191f,153,0.574398477,129.923172,1078.349049,1078.349049,0.854757711,optimistic-synthetic-what-if-not-measured,
duration-only,heavy-034-f09bc37b,154,0.5643595,130.77793,1083.211532,1083.211532,0.854757711,optimistic-synthetic-what-if-not-measured,
duration-only,heavy-001-1fbc6140,155,0.562502688,131.632687,1084.255474,1084.255474,0.854757711,optimistic-synthetic-what-if-not-measured,
duration-only,heavy-108-bd59072b,156,0.554167249,132.487445,1088.087449,1088.087449,0.854757711,optimistic-synthetic-what-if-not-measured,
duration-only,heavy-198-af7c3c86,157,0.552560329,133.342203,1088.958737,1088.958737,0.854757711,optimistic-synthetic-what-if-not-measured,
duration-only,heavy-111-d5a4a305,158,0.546337035,134.196961,1091.690126,1091.690126,0.854757711,optimistic-synthetic-what-if-not-measured,
duration-only,heavy-122-b87d5a7d,159,0.542980572,135.051718,1093.196601,1093.196601,0.854757711,optimistic-synthetic-what-if-not-measured,
duration-only,heavy-183-b2188232,160,0.539392578,135.906476,1094.742411,1094.742411,0.854757711,optimistic-synthetic-what-if-not-measured,
duration-only,heavy-053-1f5ea152,161,0.53516832,136.761234,1096.471555,1096.471555,0.854757711,optimistic-synthetic-what-if-not-measured,
duration-only,heavy-019-783135b0,162,0.514359686,137.615991,1104.091395,1104.091395,0.854757711,optimistic-synthetic-what-if-not-measured,
duration-only,heavy-037-2d84f43e,163,0.512973746,138.470749,1104.720124,1104.720124,0.854757711,optimistic-synthetic-what-if-not-measured,
duration-only,heavy-074-ed176958,164,0.509978315,139.325507,1105.862643,1105.862643,0.854757711,optimistic-synthetic-what-if-not-measured,
duration-only,heavy-105-e968bcda,165,0.504016265,140.180265,1107.918748,1107.918748,0.854757711,optimistic-synthetic-what-if-not-measured,
duration-only,heavy-181-339c92f5,166,0.50020836,141.035022,1109.2294,1109.2294,0.854757711,optimistic-synthetic-what-if-not-measured,
duration-only,heavy-002-80db849a,167,0.498659631,141.88978,1109.816517,1109.816517,0.854757711,optimistic-synthetic-what-if-not-measured,
duration-only,heavy-088-4f8df952,168,0.490039379,142.744538,1112.41217,1112.41217,0.854757711,optimistic-synthetic-what-if-not-measured,
duration-only,heavy-090-70d9c26f,169,0.487089219,143.599295,1113.339002,1113.339002,0.854757711,optimistic-synthetic-what-if-not-measured,
duration-only,heavy-031-64edc186,170,0.471998653,144.454053,1117.449837,1117.449837,0.854757711,optimistic-synthetic-what-if-not-measured,
duration-only,heavy-126-e37318f5,171,0.469396105,145.308811,1118.212271,1118.212271,0.854757711,optimistic-synthetic-what-if-not-measured,
duration-only,heavy-143-0a513c6f,172,0.467214016,146.163569,1118.839227,1118.839227,0.854757711,optimistic-synthetic-what-if-not-measured,
duration-only,heavy-003-fe05a828,173,0.462614069,147.018326,1120.000003,1120.000003,0.854757711,optimistic-synthetic-what-if-not-measured,
duration-only,heavy-154-c82de92e,174,0.455536903,147.873084,1121.660486,1121.660486,0.854757711,optimistic-synthetic-what-if-not-measured,
duration-only,heavy-189-166e85c5,175,0.434014517,148.727842,1126.306568,1126.306568,0.854757711,optimistic-synthetic-what-if-not-measured,
duration-only,heavy-118-67312cd8,176,0.429340153,149.582599,1127.324337,1127.324337,0.854757711,optimistic-synthetic-what-if-not-measured,
duration-only,heavy-072-bb1d3a18,177,0.387726926,150.437357,1135.384277,1135.384277,0.854757711,optimistic-synthetic-what-if-not-measured,
duration-only,heavy-049-c04501be,178,0.376812142,151.292115,1137.44096,1137.44096,0.854757711,optimistic-synthetic-what-if-not-measured,
duration-only,heavy-064-333342bd,179,0.372507658,152.146873,1138.24745,1138.24745,0.854757711,optimistic-synthetic-what-if-not-measured,
duration-only,heavy-069-b79dca0b,180,0.359426877,153.00163,1140.437395,1140.437395,0.854757711,optimistic-synthetic-what-if-not-measured,
duration-only,heavy-142-15d4fc05,181,0.355762965,153.856388,1141.056407,1141.056407,0.854757711,optimistic-synthetic-what-if-not-measured,
duration-only,heavy-071-bcd564aa,182,0.336713724,154.711146,1143.858792,1143.858792,0.854757711,optimistic-synthetic-what-if-not-measured,
duration-only,heavy-144-654bcf2d,183,0.332045736,155.565903,1144.539818,1144.539818,0.854757711,optimistic-synthetic-what-if-not-measured,
duration-only,heavy-027-065e2ec3,184,0.316855113,156.420661,1146.507358,1146.507358,0.854757711,optimistic-synthetic-what-if-not-measured,
duration-only,heavy-106-dfb5197d,185,0.304128555,157.275419,1148.049065,1148.049065,0.854757711,optimistic-synthetic-what-if-not-measured,
duration-only,heavy-008-cd16187e,186,0.291300771,158.130176,1149.490058,1149.490058,0.854757711,optimistic-synthetic-what-if-not-measured,
duration-only,heavy-162-676b9d7b,187,0.284677383,158.984934,1150.195909,1150.195909,0.854757711,optimistic-synthetic-what-if-not-measured,
duration-only,heavy-075-b03aebc1,188,0.281504708,159.839692,1150.523312,1150.523312,0.854757711,optimistic-synthetic-what-if-not-measured,
duration-only,heavy-109-dcd7ef90,189,0.27475362,160.69445,1151.126093,1151.126093,0.854757711,optimistic-synthetic-what-if-not-measured,
duration-only,heavy-195-592c4a1a,190,0.248603276,161.549207,1153.157999,1153.157999,0.854757711,optimistic-synthetic-what-if-not-measured,
duration-only,heavy-180-abb701a4,191,0.244845917,162.403965,1153.445962,1153.445962,0.854757711,optimistic-synthetic-what-if-not-measured,
duration-only,heavy-102-5366e38e,192,0.235906798,163.258723,1154.017228,1154.017228,0.854757711,optimistic-synthetic-what-if-not-measured,
duration-only,heavy-119-13395d0a,193,0.234864263,164.11348,1154.098813,1154.098813,0.854757711,optimistic-synthetic-what-if-not-measured,
duration-only,heavy-149-33f7e4b5,194,0.233012526,164.968238,1154.209664,1154.209664,0.854757711,optimistic-synthetic-what-if-not-measured,
duration-only,heavy-016-43d25037,195,0.203706566,165.822996,1155.383328,1155.383328,0.854757711,optimistic-synthetic-what-if-not-measured,
duration-only,heavy-068-b48baf41,196,0.183362595,166.677754,1156.065819,1156.065819,0.854757711,optimistic-synthetic-what-if-not-measured,
duration-only,heavy-097-4affd5bf,197,0.175698976,167.532511,1156.286102,1156.286102,0.854757711,optimistic-synthetic-what-if-not-measured,
duration-only,heavy-062-43dd4de0,198,0.088260983,168.387269,1158.532055,1158.532055,0.854757711,optimistic-synthetic-what-if-not-measured,
duration-only,heavy-125-9e01c224,199,0.051684722,169.242027,1159.475743,1159.475743,0.854757711,optimistic-synthetic-what-if-not-measured,
duration-only,heavy-080-a64424af,200,0.0,170.096784,1160.806171,1160.806171,0.854757711,optimistic-synthetic-what-if-not-measured,
kubeml-optimistic,heavy-127-6e85e449,1,1.0,0.0,2.495722,2.495722,,optimistic-synthetic-what-if-not-measured,0.963688657
kubeml-optimistic,heavy-100-28fff950,2,0.995875565,0.822969,3.418081,3.418081,,optimistic-synthetic-what-if-not-measured,0.962808874
kubeml-optimistic,heavy-141-f387dd24,3,0.991733703,1.644449,4.339223,4.339223,,optimistic-synthetic-what-if-not-measured,0.961938806
kubeml-optimistic,heavy-166-e044ca0c,4,0.986020209,2.464468,5.297417,5.297417,,optimistic-synthetic-what-if-not-measured,0.961078452
kubeml-optimistic,heavy-130-706fee78,5,0.97737602,3.283049,6.326002,6.326002,,optimistic-synthetic-what-if-not-measured,0.960227814
kubeml-optimistic,heavy-172-46ec5a13,6,0.977135542,4.100217,7.146412,7.146412,,optimistic-synthetic-what-if-not-measured,0.959386889
kubeml-optimistic,heavy-174-711a3a52,7,0.952371906,4.915997,8.666621,8.666621,,optimistic-synthetic-what-if-not-measured,0.95855568
kubeml-optimistic,heavy-104-47179202,8,0.950453264,5.730415,9.667836,9.667836,,optimistic-synthetic-what-if-not-measured,0.957734185
kubeml-optimistic,heavy-093-9b7261fa,9,0.948398308,6.543495,10.759103,10.759103,,optimistic-synthetic-what-if-not-measured,0.956922405
kubeml-optimistic,heavy-165-0f4342fa,10,0.947404216,7.355261,11.903576,11.903576,,optimistic-synthetic-what-if-not-measured,0.956120339
kubeml-optimistic,heavy-077-26d7cfc9,11,0.943217183,8.16574,13.267471,13.267471,,optimistic-synthetic-what-if-not-measured,0.955327988
kubeml-optimistic,heavy-158-1959c4fb,12,0.935980834,8.974955,14.782198,14.782198,,optimistic-synthetic-what-if-not-measured,0.954545351
kubeml-optimistic,heavy-048-bf8f5880,13,0.934692046,9.782933,16.1228,16.1228,,optimistic-synthetic-what-if-not-measured,0.95377243
kubeml-optimistic,heavy-115-0a7c27fd,14,0.932809961,10.589696,17.59139,17.59139,,optimistic-synthetic-what-if-not-measured,0.953009223
kubeml-optimistic,heavy-199-4494c14f,15,0.93072182,11.395271,19.188923,19.188923,,optimistic-synthetic-what-if-not-measured,0.95225573
kubeml-optimistic,heavy-033-10e0b8a8,16,0.929266004,12.199683,20.822261,20.822261,,optimistic-synthetic-what-if-not-measured,0.951511952
kubeml-optimistic,heavy-000-5835d092,17,0.927770191,13.002955,22.522763,22.522763,,optimistic-synthetic-what-if-not-measured,0.950777889
kubeml-optimistic,heavy-134-21dcbca1,18,0.927719345,13.805115,24.213699,24.213699,,optimistic-synthetic-what-if-not-measured,0.950053541
kubeml-optimistic,heavy-032-aba68153,19,0.926944997,14.606186,25.935494,25.935494,,optimistic-synthetic-what-if-not-measured,0.949338907
kubeml-optimistic,heavy-095-506191fc,20,0.925093593,15.406193,27.916573,27.916573,,optimistic-synthetic-what-if-not-measured,0.948633987
kubeml-optimistic,heavy-024-3bcedff7,21,0.921185932,16.205159,30.217915,30.217915,,optimistic-synthetic-what-if-not-measured,0.947938783
kubeml-optimistic,heavy-107-b44a1c3b,22,0.919298973,17.003113,32.501135,32.501135,,optimistic-synthetic-what-if-not-measured,0.947253293
kubeml-optimistic,heavy-041-79009bbb,23,0.913889489,17.800078,35.489275,35.489275,,optimistic-synthetic-what-if-not-measured,0.946577517
kubeml-optimistic,heavy-114-e461f442,24,0.913771971,18.596077,37.869223,37.869223,,optimistic-synthetic-what-if-not-measured,0.945911457
kubeml-optimistic,heavy-171-e2a91836,25,0.913026102,19.391138,40.466935,40.466935,,optimistic-synthetic-what-if-not-measured,0.945255111
kubeml-optimistic,heavy-020-3d1c896a,26,0.912672414,20.185285,43.157098,43.157098,,optimistic-synthetic-what-if-not-measured,0.944608479
kubeml-optimistic,heavy-091-8da8381a,27,0.905944329,20.978541,47.637175,47.637175,,optimistic-synthetic-what-if-not-measured,0.943971562
kubeml-optimistic,heavy-139-b13dafd9,28,0.899461596,21.770933,52.92716,52.92716,,optimistic-synthetic-what-if-not-measured,0.94334436
kubeml-optimistic,heavy-012-f6437e0f,29,0.895520348,22.562486,58.102025,58.102025,,optimistic-synthetic-what-if-not-measured,0.942726873
kubeml-optimistic,heavy-169-77b26720,30,0.89422298,23.353224,62.980808,62.980808,,optimistic-synthetic-what-if-not-measured,0.9421191
kubeml-optimistic,heavy-011-3175cc9d,31,0.893876036,24.143171,67.741885,67.741885,,optimistic-synthetic-what-if-not-measured,0.941521042
kubeml-optimistic,heavy-167-a6e15368,32,0.893419687,24.932354,73.234699,73.234699,,optimistic-synthetic-what-if-not-measured,0.940932698
kubeml-optimistic,heavy-094-a756609d,33,0.888680922,25.720797,82.315391,82.315391,,optimistic-synthetic-what-if-not-measured,0.940354069
kubeml-optimistic,heavy-120-6e73f800,34,0.888170855,26.508524,89.846305,89.846305,,optimistic-synthetic-what-if-not-measured,0.939785155
kubeml-optimistic,heavy-175-1c042de1,35,0.885816964,27.295561,100.193743,100.193743,,optimistic-synthetic-what-if-not-measured,0.939225955
kubeml-optimistic,heavy-040-0f14f5d2,36,0.883830983,28.081933,112.26598,112.26598,,optimistic-synthetic-what-if-not-measured,0.93867647
kubeml-optimistic,heavy-161-04630ea2,37,0.879367182,28.867665,131.835752,131.835752,,optimistic-synthetic-what-if-not-measured,0.9381367
kubeml-optimistic,heavy-044-6477f458,38,0.879047481,29.652781,147.314271,147.314271,,optimistic-synthetic-what-if-not-measured,0.937606644
kubeml-optimistic,heavy-185-7bd14a82,39,0.878908563,30.437306,165.670523,165.670523,,optimistic-synthetic-what-if-not-measured,0.937086303
kubeml-optimistic,heavy-025-1333b6f5,40,0.877418359,31.221266,187.89501,187.89501,,optimistic-synthetic-what-if-not-measured,0.936575676
kubeml-optimistic,heavy-066-0d6a0878,41,0.876625382,32.004685,206.775983,206.775983,,optimistic-synthetic-what-if-not-measured,0.936074765
kubeml-optimistic,heavy-192-72251142,42,0.870325736,32.787588,240.643724,240.643724,,optimistic-synthetic-what-if-not-measured,0.935583567
kubeml-optimistic,heavy-018-f64faa83,43,0.868297656,33.57,261.521655,261.521655,,optimistic-synthetic-what-if-not-measured,0.935102085
kubeml-optimistic,heavy-101-b85ee59a,44,0.865602462,34.351947,283.108921,283.108921,,optimistic-synthetic-what-if-not-measured,0.934630317
kubeml-optimistic,heavy-138-7a1ed322,45,0.86524213,35.133451,297.425989,297.425989,,optimistic-synthetic-what-if-not-measured,0.934168264
kubeml-optimistic,heavy-060-0b6542b3,46,0.863211078,35.91454,315.968974,315.968974,,optimistic-synthetic-what-if-not-measured,0.933715925
kubeml-optimistic,heavy-112-89e36742,47,0.862114292,36.695238,331.129819,331.129819,,optimistic-synthetic-what-if-not-measured,0.933273301
kubeml-optimistic,heavy-152-4f125415,48,0.860914176,37.475568,345.81773,345.81773,,optimistic-synthetic-what-if-not-measured,0.932840392
kubeml-optimistic,heavy-028-e48c3cf5,49,0.85192775,38.255558,380.403374,380.403374,,optimistic-synthetic-what-if-not-measured,0.932417197
kubeml-optimistic,heavy-116-927f9a89,50,0.847435839,39.035231,402.530229,402.530229,,optimistic-synthetic-what-if-not-measured,0.932003717
kubeml-optimistic,heavy-042-6a3ada7a,51,0.84321098,39.814613,423.209918,423.209918,,optimistic-synthetic-what-if-not-measured,0.931599951
kubeml-optimistic,heavy-035-140648c1,52,0.838981647,40.593726,443.610201,443.610201,,optimistic-synthetic-what-if-not-measured,0.931205901
kubeml-optimistic,heavy-099-b2d5c0a9,53,0.831883315,41.372599,470.437589,470.437589,,optimistic-synthetic-what-if-not-measured,0.930821564
kubeml-optimistic,heavy-124-e14d9a9b,54,0.830889122,42.151255,481.627593,481.627593,,optimistic-synthetic-what-if-not-measured,0.930446943
kubeml-optimistic,heavy-177-94fca623,55,0.830487526,42.929718,491.062849,491.062849,,optimistic-synthetic-what-if-not-measured,0.930082036
kubeml-optimistic,heavy-081-7916c35c,56,0.830011279,43.708015,500.373729,500.373729,,optimistic-synthetic-what-if-not-measured,0.929726844
kubeml-optimistic,heavy-164-f0578732,57,0.830007607,44.48617,508.110932,508.110932,,optimistic-synthetic-what-if-not-measured,0.929381366
kubeml-optimistic,heavy-136-664d00e9,58,0.829676788,45.264207,516.195699,516.195699,,optimistic-synthetic-what-if-not-measured,0.929045603
kubeml-optimistic,heavy-193-354ea1c1,59,0.825541102,46.042151,532.638471,532.638471,,optimistic-synthetic-what-if-not-measured,0.928719555
kubeml-optimistic,heavy-092-60e427bf,60,0.823166912,46.820029,544.603427,544.603427,,optimistic-synthetic-what-if-not-measured,0.928403221
kubeml-optimistic,heavy-089-1c4c66ce,61,0.822786983,47.597864,551.920616,551.920616,,optimistic-synthetic-what-if-not-measured,0.928096602
kubeml-optimistic,heavy-113-2735b5df,62,0.821826343,48.37568,560.212747,560.212747,,optimistic-synthetic-what-if-not-measured,0.927799698
kubeml-optimistic,heavy-187-8326824d,63,0.814795884,49.153505,581.474042,581.474042,,optimistic-synthetic-what-if-not-measured,0.927512508
kubeml-optimistic,heavy-160-5abf716f,64,0.814576006,49.931362,587.512671,587.512671,,optimistic-synthetic-what-if-not-measured,0.927235033
kubeml-optimistic,heavy-151-e0e9bb33,65,0.814090211,50.709275,593.845861,593.845861,,optimistic-synthetic-what-if-not-measured,0.926967272
kubeml-optimistic,heavy-039-11fc45bc,66,0.813403834,51.487271,600.338757,600.338757,,optimistic-synthetic-what-if-not-measured,0.926709227
kubeml-optimistic,heavy-065-360e09f7,67,0.810605145,52.265373,611.036785,611.036785,,optimistic-synthetic-what-if-not-measured,0.926460895
kubeml-optimistic,heavy-009-35a75ca2,68,0.810250422,53.043608,616.517702,616.517702,,optimistic-synthetic-what-if-not-measured,0.926222279
kubeml-optimistic,heavy-170-eb524240,69,0.809921439,53.821998,621.718706,621.718706,,optimistic-synthetic-what-if-not-measured,0.925993377
kubeml-optimistic,heavy-029-c0897f86,70,0.803811825,54.600571,638.316188,638.316188,,optimistic-synthetic-what-if-not-measured,0.92577419
kubeml-optimistic,heavy-173-a74cbdae,71,0.803231815,55.379351,643.597403,643.597403,,optimistic-synthetic-what-if-not-measured,0.925564717
kubeml-optimistic,heavy-023-91faf260,72,0.802427554,56.158361,649.121739,649.121739,,optimistic-synthetic-what-if-not-measured,0.925364959
kubeml-optimistic,heavy-123-b4d644dd,73,0.799597783,56.937628,658.369063,658.369063,,optimistic-synthetic-what-if-not-measured,0.925174916
kubeml-optimistic,heavy-117-7b62a082,74,0.799016371,57.717177,663.18785,663.18785,,optimistic-synthetic-what-if-not-measured,0.924994587
kubeml-optimistic,heavy-022-eb6cad00,75,0.797672964,58.497032,669.29075,669.29075,,optimistic-synthetic-what-if-not-measured,0.924823973
kubeml-optimistic,heavy-179-f8574ef7,76,0.792925819,59.277217,681.53686,681.53686,,optimistic-synthetic-what-if-not-measured,0.924663073
kubeml-optimistic,heavy-076-b2c8f63b,77,0.79096865,60.057759,688.406683,688.406683,,optimistic-synthetic-what-if-not-measured,0.924511889
kubeml-optimistic,heavy-073-7734485a,78,0.790560844,60.838681,692.289392,692.289392,,optimistic-synthetic-what-if-not-measured,0.924370418
kubeml-optimistic,heavy-157-6c4bfe7a,79,0.785490792,61.620009,704.362827,704.362827,,optimistic-synthetic-what-if-not-measured,0.924238663
kubeml-optimistic,heavy-086-c9661d5b,80,0.779793725,62.401769,717.358944,717.358944,,optimistic-synthetic-what-if-not-measured,0.924116622
kubeml-optimistic,heavy-163-90f2ace5,81,0.779717071,63.183984,720.353945,720.353945,,optimistic-synthetic-what-if-not-measured,0.924004296
kubeml-optimistic,heavy-196-544df2c8,82,0.779674905,63.96668,723.17589,723.17589,,optimistic-synthetic-what-if-not-measured,0.923901684
kubeml-optimistic,heavy-191-c23ece8f,83,0.778244729,64.74988,728.239354,728.239354,,optimistic-synthetic-what-if-not-measured,0.923808787
kubeml-optimistic,heavy-006-2f8513b1,84,0.776488608,65.533611,733.71276,733.71276,,optimistic-synthetic-what-if-not-measured,0.923725605
kubeml-optimistic,heavy-103-61e25702,85,0.767917299,66.317898,750.266981,750.266981,,optimistic-synthetic-what-if-not-measured,0.923652137
kubeml-optimistic,heavy-021-aeb0c5db,86,0.764761717,67.102765,757.795418,757.795418,,optimistic-synthetic-what-if-not-measured,0.923588384
kubeml-optimistic,heavy-186-bb495590,87,0.764229883,67.888237,760.976351,760.976351,,optimistic-synthetic-what-if-not-measured,0.923534346
kubeml-optimistic,heavy-036-87faed15,88,0.763625502,68.674339,764.17424,764.17424,,optimistic-synthetic-what-if-not-measured,0.923490022
kubeml-optimistic,heavy-014-78a748d4,89,0.760718476,69.461096,770.860438,770.860438,,optimistic-synthetic-what-if-not-measured,0.923455413
kubeml-optimistic,heavy-013-54042f54,90,0.755319976,70.248532,781.227751,781.227751,,optimistic-synthetic-what-if-not-measured,0.923430518
kubeml-optimistic,heavy-082-92d9fc3a,91,0.752902151,71.036674,786.897637,786.897637,,optimistic-synthetic-what-if-not-measured,0.923415339
kubeml-optimistic,heavy-178-ffc70465,92,0.752475082,71.825546,789.480185,789.480185,,optimistic-synthetic-what-if-not-measured,0.923409873
kubeml-optimistic,heavy-133-888072a8,93,0.749598871,72.615171,795.624869,795.624869,,optimistic-synthetic-what-if-not-measured,0.923414123
kubeml-optimistic,heavy-128-09571942,94,0.748271289,73.405577,799.40778,799.40778,,optimistic-synthetic-what-if-not-measured,0.923428087
kubeml-optimistic,heavy-140-3d24e8f1,95,0.745935893,74.196787,804.536854,804.536854,,optimistic-synthetic-what-if-not-measured,0.923451766
kubeml-optimistic,heavy-190-6e8c97f1,96,0.741777805,74.988826,812.118232,812.118232,,optimistic-synthetic-what-if-not-measured,0.923485159
kubeml-optimistic,heavy-055-45dcbcdf,97,0.734208735,75.781719,824.275788,824.275788,,optimistic-synthetic-what-if-not-measured,0.923528267
kubeml-optimistic,heavy-059-31d6699d,98,0.732867999,76.575492,827.737774,827.737774,,optimistic-synthetic-what-if-not-measured,0.923581089
kubeml-optimistic,heavy-146-3597c702,99,0.731756656,77.370168,830.815357,830.815357,,optimistic-synthetic-what-if-not-measured,0.923643627
kubeml-optimistic,heavy-054-8d32225f,100,0.731277872,78.165773,832.986854,832.986854,,optimistic-synthetic-what-if-not-measured,0.923715879
kubeml-optimistic,heavy-015-54afe656,101,0.720782813,78.962333,848.133459,848.133459,,optimistic-synthetic-what-if-not-measured,0.923797845
kubeml-optimistic,heavy-007-aa7f1a53,102,0.718648499,79.759872,852.318414,852.318414,,optimistic-synthetic-what-if-not-measured,0.923889526
kubeml-optimistic,heavy-145-9b0b97ef,103,0.71795638,80.558413,854.602266,854.602266,,optimistic-synthetic-what-if-not-measured,0.923990922
kubeml-optimistic,heavy-084-c80db7b3,104,0.717139032,81.357984,857.003084,857.003084,,optimistic-synthetic-what-if-not-measured,0.924102033
kubeml-optimistic,heavy-026-f5c88db9,105,0.716548539,82.158608,859.086232,859.086232,,optimistic-synthetic-what-if-not-measured,0.924222858
kubeml-optimistic,heavy-096-46d2f7e6,106,0.713752421,82.960311,863.771759,863.771759,,optimistic-synthetic-what-if-not-measured,0.924353398
kubeml-optimistic,heavy-056-3ce5c058,107,0.713094055,83.763116,865.842646,865.842646,,optimistic-synthetic-what-if-not-measured,0.924493652
kubeml-optimistic,heavy-038-a342f66d,108,0.711404272,84.56705,869.068204,869.068204,,optimistic-synthetic-what-if-not-measured,0.924643621
kubeml-optimistic,heavy-121-de945472,109,0.711102298,85.372138,870.643718,870.643718,,optimistic-synthetic-what-if-not-measured,0.924803305
kubeml-optimistic,heavy-155-b2937f5b,110,0.701024059,86.178403,883.179086,883.179086,,optimistic-synthetic-what-if-not-measured,0.924972703
kubeml-optimistic,heavy-070-53ccd3f6,111,0.701003661,86.985871,884.375994,884.375994,,optimistic-synthetic-what-if-not-measured,0.925151816
kubeml-optimistic,heavy-083-3e740750,112,0.699024991,87.794568,887.675224,887.675224,,optimistic-synthetic-what-if-not-measured,0.925340643
kubeml-optimistic,heavy-132-1ef7fe99,113,0.698950107,88.604517,888.88126,888.88126,,optimistic-synthetic-what-if-not-measured,0.925539186
kubeml-optimistic,heavy-131-12d412a7,114,0.69626967,89.415743,892.813277,892.813277,,optimistic-synthetic-what-if-not-measured,0.925747443
kubeml-optimistic,heavy-184-ef61f337,115,0.687320769,90.228273,903.144976,903.144976,,optimistic-synthetic-what-if-not-measured,0.925965414
kubeml-optimistic,heavy-168-beb1f8b9,116,0.687163756,91.04213,904.378359,904.378359,,optimistic-synthetic-what-if-not-measured,0.9261931
kubeml-optimistic,heavy-197-b2d1e42f,117,0.686128733,91.857339,906.463183,906.463183,,optimistic-synthetic-what-if-not-measured,0.926430501
kubeml-optimistic,heavy-078-1496043e,118,0.684684368,92.673926,908.911616,908.911616,,optimistic-synthetic-what-if-not-measured,0.926677616
kubeml-optimistic,heavy-194-1d536a50,119,0.683122685,93.491915,911.427923,911.427923,,optimistic-synthetic-what-if-not-measured,0.926934446
kubeml-optimistic,heavy-052-f24dbad2,120,0.680620828,94.311332,914.787431,914.787431,,optimistic-synthetic-what-if-not-measured,0.927200991
kubeml-optimistic,heavy-043-f07651e1,121,0.68055576,95.1322,915.831007,915.831007,,optimistic-synthetic-what-if-not-measured,0.927477251
kubeml-optimistic,heavy-051-d32f68e1,122,0.676400476,95.954545,920.576002,920.576002,,optimistic-synthetic-what-if-not-measured,0.927763224
kubeml-optimistic,heavy-046-c30f5a41,123,0.674917584,96.778393,922.852887,922.852887,,optimistic-synthetic-what-if-not-measured,0.928058913
kubeml-optimistic,heavy-063-653e17ff,124,0.669413319,97.603766,928.610311,928.610311,,optimistic-synthetic-what-if-not-measured,0.928364316
kubeml-optimistic,heavy-047-6e5aa39a,125,0.66688058,98.430692,931.714283,931.714283,,optimistic-synthetic-what-if-not-measured,0.928679434
kubeml-optimistic,heavy-098-c87c5992,126,0.662425226,99.259195,936.384145,936.384145,,optimistic-synthetic-what-if-not-measured,0.929004267
kubeml-optimistic,heavy-087-4a3ffd66,127,0.655794861,100.0893,942.775143,942.775143,,optimistic-synthetic-what-if-not-measured,0.929338814
kubeml-optimistic,heavy-176-ad057015,128,0.655382515,100.92103,944.018246,944.018246,,optimistic-synthetic-what-if-not-measured,0.929683076
kubeml-optimistic,heavy-147-84a75dd3,129,0.650814985,101.754412,948.538918,948.538918,,optimistic-synthetic-what-if-not-measured,0.930037052
kubeml-optimistic,heavy-057-9abd5dfd,130,0.650654266,102.58947,949.554198,949.554198,,optimistic-synthetic-what-if-not-measured,0.930400743
kubeml-optimistic,heavy-079-718e54c7,131,0.644849329,103.426229,954.855359,954.855359,,optimistic-synthetic-what-if-not-measured,0.930774149
kubeml-optimistic,heavy-061-fecc2ff9,132,0.644649315,104.264715,955.879884,955.879884,,optimistic-synthetic-what-if-not-measured,0.931157269
kubeml-optimistic,heavy-017-7d08380e,133,0.644505156,105.104952,956.853256,956.853256,,optimistic-synthetic-what-if-not-measured,0.931550105
kubeml-optimistic,heavy-110-48e6e0d2,134,0.639870187,105.946965,961.027233,961.027233,,optimistic-synthetic-what-if-not-measured,0.931952654
kubeml-optimistic,heavy-129-2c4028d3,135,0.634008294,106.790778,965.982991,965.982991,,optimistic-synthetic-what-if-not-measured,0.932364918
kubeml-optimistic,heavy-188-a315eabd,136,0.627988019,107.636417,970.954833,970.954833,,optimistic-synthetic-what-if-not-measured,0.932786897
kubeml-optimistic,heavy-050-dd564045,137,0.627213705,108.483907,972.322105,972.322105,,optimistic-synthetic-what-if-not-measured,0.933218591
kubeml-optimistic,heavy-182-ea79edcc,138,0.626426704,109.333272,973.682764,973.682764,,optimistic-synthetic-what-if-not-measured,0.933659999
kubeml-optimistic,heavy-135-5b2d0009,139,0.622552528,110.184538,977.001568,977.001568,,optimistic-synthetic-what-if-not-measured,0.934111122
kubeml-optimistic,heavy-030-588cde7a,140,0.612872681,111.03773,983.890022,983.890022,,optimistic-synthetic-what-if-not-measured,0.93457196
kubeml-optimistic,heavy-067-d32a0622,141,0.611437631,111.892871,985.605353,985.605353,,optimistic-synthetic-what-if-not-measured,0.935042512
kubeml-optimistic,heavy-148-095f7a2e,142,0.60669102,112.749988,989.276795,989.276795,,optimistic-synthetic-what-if-not-measured,0.935522778
kubeml-optimistic,heavy-004-c84238c8,143,0.602715085,113.609106,992.432456,992.432456,,optimistic-synthetic-what-if-not-measured,0.93601276
kubeml-optimistic,heavy-058-bcacae46,144,0.602447665,114.470248,993.425249,993.425249,,optimistic-synthetic-what-if-not-measured,0.936512456
kubeml-optimistic,heavy-150-c111b543,145,0.596052703,115.33344,997.809053,997.809053,,optimistic-synthetic-what-if-not-measured,0.937021867
kubeml-optimistic,heavy-010-40a00ce2,146,0.592844472,116.198707,1000.383733,1000.383733,,optimistic-synthetic-what-if-not-measured,0.937540992
kubeml-optimistic,heavy-153-8e0e86e5,147,0.588248364,117.066074,1003.645917,1003.645917,,optimistic-synthetic-what-if-not-measured,0.938069832
kubeml-optimistic,heavy-005-452f0547,148,0.587962616,117.935565,1004.635053,1004.635053,,optimistic-synthetic-what-if-not-measured,0.938608387
kubeml-optimistic,heavy-137-09bab1e5,149,0.585481658,118.807206,1006.718127,1006.718127,,optimistic-synthetic-what-if-not-measured,0.939156656
kubeml-optimistic,heavy-156-6fd71d38,150,0.584141924,119.681022,1008.212601,1008.212601,,optimistic-synthetic-what-if-not-measured,0.93971464
kubeml-optimistic,heavy-045-088d4ef5,151,0.583177211,120.557037,1009.514858,1009.514858,,optimistic-synthetic-what-if-not-measured,0.940282338
kubeml-optimistic,heavy-159-b2ff5ba7,152,0.578154701,121.435276,1012.67558,1012.67558,,optimistic-synthetic-what-if-not-measured,0.940859751
kubeml-optimistic,heavy-085-e542191f,153,0.574398477,122.315765,1015.208347,1015.208347,,optimistic-synthetic-what-if-not-measured,0.941446879
kubeml-optimistic,heavy-034-f09bc37b,154,0.5643595,123.198528,1020.432623,1020.432623,,optimistic-synthetic-what-if-not-measured,0.942043722
kubeml-optimistic,heavy-001-1fbc6140,155,0.562502688,124.083589,1022.073725,1022.073725,,optimistic-synthetic-what-if-not-measured,0.942650279
kubeml-optimistic,heavy-108-bd59072b,156,0.554167249,124.970975,1026.356495,1026.356495,,optimistic-synthetic-what-if-not-measured,0.94326655
kubeml-optimistic,heavy-198-af7c3c86,157,0.552560329,125.86071,1027.860025,1027.860025,,optimistic-synthetic-what-if-not-measured,0.943892537
kubeml-optimistic,heavy-111-d5a4a305,158,0.546337035,126.752819,1031.132151,1031.132151,,optimistic-synthetic-what-if-not-measured,0.944528238
kubeml-optimistic,heavy-122-b87d5a7d,159,0.542980572,127.647326,1033.260625,1033.260625,,optimistic-synthetic-what-if-not-measured,0.945173654
kubeml-optimistic,heavy-183-b2188232,160,0.539392578,128.544257,1035.438883,1035.438883,,optimistic-synthetic-what-if-not-measured,0.945828784
kubeml-optimistic,heavy-053-1f5ea152,161,0.53516832,129.443637,1037.803341,1037.803341,,optimistic-synthetic-what-if-not-measured,0.946493629
kubeml-optimistic,heavy-019-783135b0,162,0.514359686,130.345489,1045.760246,1045.760246,,optimistic-synthetic-what-if-not-measured,0.947168188
kubeml-optimistic,heavy-037-2d84f43e,163,0.512973746,131.24984,1047.11169,1047.11169,,optimistic-synthetic-what-if-not-measured,0.947852463
kubeml-optimistic,heavy-074-ed176958,164,0.509978315,132.156715,1048.962086,1048.962086,,optimistic-synthetic-what-if-not-measured,0.948546451
kubeml-optimistic,heavy-105-e968bcda,165,0.504016265,133.066138,1051.692043,1051.692043,,optimistic-synthetic-what-if-not-measured,0.949250155
kubeml-optimistic,heavy-181-339c92f5,166,0.50020836,133.978133,1053.727524,1053.727524,,optimistic-synthetic-what-if-not-measured,0.949963573
kubeml-optimistic,heavy-002-80db849a,167,0.498659631,134.892728,1055.087809,1055.087809,,optimistic-synthetic-what-if-not-measured,0.950686706
kubeml-optimistic,heavy-088-4f8df952,168,0.490039379,135.809945,1058.37069,1058.37069,,optimistic-synthetic-what-if-not-measured,0.951419553
kubeml-optimistic,heavy-090-70d9c26f,169,0.487089219,136.729808,1060.079219,1060.079219,,optimistic-synthetic-what-if-not-measured,0.952162115
kubeml-optimistic,heavy-031-64edc186,170,0.471998653,137.652346,1064.834032,1064.834032,,optimistic-synthetic-what-if-not-measured,0.952914392
kubeml-optimistic,heavy-126-e37318f5,171,0.469396105,138.577581,1066.412634,1066.412634,,optimistic-synthetic-what-if-not-measured,0.953676383
kubeml-optimistic,heavy-143-0a513c6f,172,0.467214016,139.505539,1067.873962,1067.873962,,optimistic-synthetic-what-if-not-measured,0.954448089
kubeml-optimistic,heavy-003-fe05a828,173,0.462614069,140.436243,1069.857054,1069.857054,,optimistic-synthetic-what-if-not-measured,0.95522951
kubeml-optimistic,heavy-154-c82de92e,174,0.455536903,141.369721,1072.330581,1072.330581,,optimistic-synthetic-what-if-not-measured,0.956020645
kubeml-optimistic,heavy-189-166e85c5,175,0.434014517,142.305996,1077.674334,1077.674334,,optimistic-synthetic-what-if-not-measured,0.956821495
kubeml-optimistic,heavy-118-67312cd8,176,0.429340153,143.245092,1079.561927,1079.561927,,optimistic-synthetic-what-if-not-measured,0.957632059
kubeml-optimistic,heavy-072-bb1d3a18,177,0.387726926,144.187037,1088.211716,1088.211716,,optimistic-synthetic-what-if-not-measured,0.958452339
kubeml-optimistic,heavy-049-c04501be,178,0.376812142,145.131853,1091.127017,1091.127017,,optimistic-synthetic-what-if-not-measured,0.959282332
kubeml-optimistic,heavy-064-333342bd,179,0.372507658,146.079566,1092.856465,1092.856465,,optimistic-synthetic-what-if-not-measured,0.960122041
kubeml-optimistic,heavy-069-b79dca0b,180,0.359426877,147.0302,1095.927793,1095.927793,,optimistic-synthetic-what-if-not-measured,0.960971464
kubeml-optimistic,heavy-142-15d4fc05,181,0.355762965,147.983782,1097.502971,1097.502971,,optimistic-synthetic-what-if-not-measured,0.961830602
kubeml-optimistic,heavy-071-bcd564aa,182,0.336713724,148.940336,1101.192235,1101.192235,,optimistic-synthetic-what-if-not-measured,0.962699454
kubeml-optimistic,heavy-144-654bcf2d,183,0.332045736,149.899885,1102.853413,1102.853413,,optimistic-synthetic-what-if-not-measured,0.963578021
kubeml-optimistic,heavy-027-065e2ec3,184,0.316855113,150.862457,1105.767713,1105.767713,,optimistic-synthetic-what-if-not-measured,0.964466303
kubeml-optimistic,heavy-106-dfb5197d,185,0.304128555,151.828075,1108.285581,1108.285581,,optimistic-synthetic-what-if-not-measured,0.965364299
kubeml-optimistic,heavy-008-cd16187e,186,0.291300771,152.796763,1110.720069,1110.720069,,optimistic-synthetic-what-if-not-measured,0.96627201
kubeml-optimistic,heavy-162-676b9d7b,187,0.284677383,153.768549,1112.457332,1112.457332,,optimistic-synthetic-what-if-not-measured,0.967189435
kubeml-optimistic,heavy-075-b03aebc1,188,0.281504708,154.743455,1113.840689,1113.840689,,optimistic-synthetic-what-if-not-measured,0.968116576
kubeml-optimistic,heavy-109-dcd7ef90,189,0.27475362,155.721508,1115.502689,1115.502689,,optimistic-synthetic-what-if-not-measured,0.969053431
kubeml-optimistic,heavy-195-592c4a1a,190,0.248603276,156.702731,1118.563259,1118.563259,,optimistic-synthetic-what-if-not-measured,0.97
kubeml-optimistic,heavy-180-abb701a4,191,0.244845917,157.68715,1119.945605,1119.945605,,optimistic-synthetic-what-if-not-measured,0.970956284
kubeml-optimistic,heavy-102-5366e38e,192,0.235906798,158.674791,1121.615059,1121.615059,,optimistic-synthetic-what-if-not-measured,0.971922283
kubeml-optimistic,heavy-119-13395d0a,193,0.234864263,159.665676,1122.820423,1122.820423,,optimistic-synthetic-what-if-not-measured,0.972897996
kubeml-optimistic,heavy-149-33f7e4b5,194,0.233012526,160.659833,1124.06566,1124.06566,,optimistic-synthetic-what-if-not-measured,0.973883424
kubeml-optimistic,heavy-016-43d25037,195,0.203706566,161.657285,1126.358443,1126.358443,,optimistic-synthetic-what-if-not-measured,0.974878567
kubeml-optimistic,heavy-068-b48baf41,196,0.183362595,162.658057,1128.18547,1128.18547,,optimistic-synthetic-what-if-not-measured,0.975883424
kubeml-optimistic,heavy-097-4affd5bf,197,0.175698976,163.662174,1129.573576,1129.573576,,optimistic-synthetic-what-if-not-measured,0.976897996
kubeml-optimistic,heavy-062-43dd4de0,198,0.088260983,164.669663,1132.954312,1132.954312,,optimistic-synthetic-what-if-not-measured,0.977922283
kubeml-optimistic,heavy-125-9e01c224,199,0.051684722,165.680546,1135.076065,1135.076065,,optimistic-synthetic-what-if-not-measured,0.978956284
kubeml-optimistic,heavy-080-a64424af,200,0.0,166.694848,1137.590048,1137.590048,,optimistic-synthetic-what-if-not-measured,0.98
reversed-ablation,heavy-080-a64424af,1,0.1099778,0.0,1444.10452,1444.10452,0.854757711,optimistic-synthetic-what-if-not-measured,
reversed-ablation,heavy-062-43dd4de0,2,0.174434291,0.854758,1439.138878,1439.138878,0.854757711,optimistic-synthetic-what-if-not-measured,
reversed-ablation,heavy-125-9e01c224,3,0.186785144,1.709515,1444.865767,1444.865767,0.854757711,optimistic-synthetic-what-if-not-measured,
reversed-ablation,heavy-162-676b9d7b,4,0.205812415,2.564273,1395.821321,1395.821321,0.854757711,optimistic-synthetic-what-if-not-measured,
reversed-ablation,heavy-180-abb701a4,5,0.207227465,3.419031,1428.396456,1428.396456,0.854757711,optimistic-synthetic-what-if-not-measured,
reversed-ablation,heavy-102-5366e38e,6,0.216784258,4.273789,1436.049,1436.049,0.854757711,optimistic-synthetic-what-if-not-measured,
reversed-ablation,heavy-149-33f7e4b5,7,0.22068883,5.128546,1439.576654,1439.576654,0.854757711,optimistic-synthetic-what-if-not-measured,
reversed-ablation,heavy-195-592c4a1a,8,0.241211593,5.983304,1439.8826,1439.8826,0.854757711,optimistic-synthetic-what-if-not-measured,
reversed-ablation,heavy-068-b48baf41,9,0.24215766,6.838062,1445.440174,1445.440174,0.854757711,optimistic-synthetic-what-if-not-measured,
reversed-ablation,heavy-144-654bcf2d,10,0.258484522,7.692819,1430.802684,1430.802684,0.854757711,optimistic-synthetic-what-if-not-measured,
reversed-ablation,heavy-016-43d25037,11,0.26060981,8.547577,1445.594912,1445.594912,0.854757711,optimistic-synthetic-what-if-not-measured,
reversed-ablation,heavy-109-dcd7ef90,12,0.269558252,9.402335,1442.560581,1442.560581,0.854757711,optimistic-synthetic-what-if-not-measured,
reversed-ablation,heavy-119-13395d0a,13,0.279453932,10.257093,1445.327878,1445.327878,0.854757711,optimistic-synthetic-what-if-not-measured,
reversed-ablation,heavy-097-4affd5bf,14,0.28949557,11.11185,1447.093213,1447.093213,0.854757711,optimistic-synthetic-what-if-not-measured,
reversed-ablation,heavy-064-333342bd,15,0.290922962,11.966608,1433.258368,1433.258368,0.854757711,optimistic-synthetic-what-if-not-measured,
reversed-ablation,heavy-075-b03aebc1,16,0.290974684,12.821366,1444.515505,1444.515505,0.854757711,optimistic-synthetic-what-if-not-measured,
reversed-ablation,heavy-069-b79dca0b,17,0.292905382,13.676123,1438.032897,1438.032897,0.854757711,optimistic-synthetic-what-if-not-measured,
reversed-ablation,heavy-142-15d4fc05,18,0.296138458,14.530881,1439.425428,1439.425428,0.854757711,optimistic-synthetic-what-if-not-measured,
reversed-ablation,heavy-143-0a513c6f,19,0.302652765,15.385639,1411.841822,1411.841822,0.854757711,optimistic-synthetic-what-if-not-measured,
reversed-ablation,heavy-027-065e2ec3,20,0.303862913,16.240397,1444.012378,1444.012378,0.854757711,optimistic-synthetic-what-if-not-measured,
reversed-ablation,heavy-106-dfb5197d,21,0.305031426,17.095154,1444.936276,1444.936276,0.854757711,optimistic-synthetic-what-if-not-measured,
reversed-ablation,heavy-071-bcd564aa,22,0.307910512,17.949912,1443.385228,1443.385228,0.854757711,optimistic-synthetic-what-if-not-measured,
reversed-ablation,heavy-002-80db849a,23,0.312626584,18.80467,1406.75828,1406.75828,0.854757711,optimistic-synthetic-what-if-not-measured,
reversed-ablation,heavy-189-166e85c5,24,0.319975266,19.659427,1431.732072,1431.732072,0.854757711,optimistic-synthetic-what-if-not-measured,
reversed-ablation,heavy-118-67312cd8,25,0.332168425,20.514185,1433.675349,1433.675349,0.854757711,optimistic-synthetic-what-if-not-measured,
reversed-ablation,heavy-008-cd16187e,26,0.335473041,21.368943,1445.969015,1445.969015,0.854757711,optimistic-synthetic-what-if-not-measured,
reversed-ablation,heavy-154-c82de92e,27,0.342206208,22.2237,1429.591269,1429.591269,0.854757711,optimistic-synthetic-what-if-not-measured,
reversed-ablation,heavy-049-c04501be,28,0.349747603,23.078458,1442.292566,1442.292566,0.854757711,optimistic-synthetic-what-if-not-measured,
reversed-ablation,heavy-088-4f8df952,29,0.356392544,23.933216,1421.382021,1421.382021,0.854757711,optimistic-synthetic-what-if-not-measured,
reversed-ablation,heavy-072-bb1d3a18,30,0.361918474,24.787974,1441.943946,1441.943946,0.854757711,optimistic-synthetic-what-if-not-measured,
reversed-ablation,heavy-090-70d9c26f,31,0.369793262,25.642731,1424.601283,1424.601283,0.854757711,optimistic-synthetic-what-if-not-measured,
reversed-ablation,heavy-031-64edc186,32,0.371164028,26.497489,1429.896211,1429.896211,0.854757711,optimistic-synthetic-what-if-not-measured,
reversed-ablation,heavy-001-1fbc6140,33,0.389090756,27.352247,1389.691148,1389.691148,0.854757711,optimistic-synthetic-what-if-not-measured,
reversed-ablation,heavy-085-e542191f,34,0.390949842,28.207004,1383.024387,1383.024387,0.854757711,optimistic-synthetic-what-if-not-measured,
reversed-ablation,heavy-122-b87d5a7d,35,0.392164416,29.061762,1406.519365,1406.519365,0.854757711,optimistic-synthetic-what-if-not-measured,
reversed-ablation,heavy-053-1f5ea152,36,0.393456849,29.91652,1412.038408,1412.038408,0.854757711,optimistic-synthetic-what-if-not-measured,
reversed-ablation,heavy-168-beb1f8b9,37,0.401974496,30.771278,1256.021519,1256.021519,0.854757711,optimistic-synthetic-what-if-not-measured,
reversed-ablation,heavy-019-783135b0,38,0.408672541,31.626035,1422.326104,1422.326104,0.854757711,optimistic-synthetic-what-if-not-measured,
reversed-ablation,heavy-003-fe05a828,39,0.415579717,32.480793,1435.848072,1435.848072,0.854757711,optimistic-synthetic-what-if-not-measured,
reversed-ablation,heavy-105-e968bcda,40,0.415718461,33.335551,1427.000369,1427.000369,0.854757711,optimistic-synthetic-what-if-not-measured,
reversed-ablation,heavy-183-b2188232,41,0.415903154,34.190308,1415.686483,1415.686483,0.854757711,optimistic-synthetic-what-if-not-measured,
reversed-ablation,heavy-188-a315eabd,42,0.417232144,35.045066,1352.842255,1352.842255,0.854757711,optimistic-synthetic-what-if-not-measured,
reversed-ablation,heavy-181-339c92f5,43,0.417496917,35.899824,1429.947339,1429.947339,0.854757711,optimistic-synthetic-what-if-not-measured,
reversed-ablation,heavy-126-e37318f5,44,0.428307895,36.754582,1436.576472,1436.576472,0.854757711,optimistic-synthetic-what-if-not-measured,
reversed-ablation,heavy-034-f09bc37b,45,0.431522663,37.609339,1407.795651,1407.795651,0.854757711,optimistic-synthetic-what-if-not-measured,
reversed-ablation,heavy-108-bd59072b,46,0.432253178,38.464097,1413.808758,1413.808758,0.854757711,optimistic-synthetic-what-if-not-measured,
reversed-ablation,heavy-055-45dcbcdf,47,0.44718378,39.318855,1209.028851,1209.028851,0.854757711,optimistic-synthetic-what-if-not-measured,
reversed-ablation,heavy-121-de945472,48,0.449935743,40.173612,1255.979488,1255.979488,0.854757711,optimistic-synthetic-what-if-not-measured,
reversed-ablation,heavy-050-dd564045,49,0.450626314,41.02837,1367.468003,1367.468003,0.854757711,optimistic-synthetic-what-if-not-measured,
reversed-ablation,heavy-129-2c4028d3,50,0.454549503,41.883128,1362.847722,1362.847722,0.854757711,optimistic-synthetic-what-if-not-measured,
reversed-ablation,heavy-070-53ccd3f6,51,0.455432281,42.737886,1281.215429,1281.215429,0.854757711,optimistic-synthetic-what-if-not-measured,
reversed-ablation,heavy-015-54afe656,52,0.457575579,43.592643,1251.163767,1251.163767,0.854757711,optimistic-synthetic-what-if-not-measured,
reversed-ablation,heavy-159-b2ff5ba7,53,0.458740927,44.447401,1408.019132,1408.019132,0.854757711,optimistic-synthetic-what-if-not-measured,
reversed-ablation,heavy-111-d5a4a305,54,0.460711711,45.302159,1422.129042,1422.129042,0.854757711,optimistic-synthetic-what-if-not-measured,
reversed-ablation,heavy-078-1496043e,55,0.462957958,46.156916,1313.558116,1313.558116,0.854757711,optimistic-synthetic-what-if-not-measured,
reversed-ablation,heavy-079-718e54c7,56,0.465252756,47.011674,1361.529666,1361.529666,0.854757711,optimistic-synthetic-what-if-not-measured,
reversed-ablation,heavy-137-09bab1e5,57,0.466437367,47.866432,1407.284639,1407.284639,0.854757711,optimistic-synthetic-what-if-not-measured,
reversed-ablation,heavy-176-ad057015,58,0.468323109,48.72119,1353.392185,1353.392185,0.854757711,optimistic-synthetic-what-if-not-measured,
reversed-ablation,heavy-037-2d84f43e,59,0.468663367,49.575947,1433.235414,1433.235414,0.854757711,optimistic-synthetic-what-if-not-measured,
reversed-ablation,heavy-043-f07651e1,60,0.46941231,50.430705,1327.503853,1327.503853,0.854757711,optimistic-synthetic-what-if-not-measured,
reversed-ablation,heavy-005-452f0547,61,0.470184728,51.285463,1408.869084,1408.869084,0.854757711,optimistic-synthetic-what-if-not-measured,
reversed-ablation,heavy-004-c84238c8,62,0.470631539,52.14022,1400.813078,1400.813078,0.854757711,optimistic-synthetic-what-if-not-measured,
reversed-ablation,heavy-084-c80db7b3,63,0.473827494,52.994978,1282.908301,1282.908301,0.854757711,optimistic-synthetic-what-if-not-measured,
reversed-ablation,heavy-156-6fd71d38,64,0.478156885,53.849736,1412.64523,1412.64523,0.854757711,optimistic-synthetic-what-if-not-measured,
reversed-ablation,heavy-179-f8574ef7,65,0.478757196,54.704493,1136.32811,1136.32811,0.854757711,optimistic-synthetic-what-if-not-measured,
reversed-ablation,heavy-190-6e8c97f1,66,0.479257304,55.559251,1247.92969,1247.92969,0.854757711,optimistic-synthetic-what-if-not-measured,
reversed-ablation,heavy-182-ea79edcc,67,0.482833083,56.414009,1388.521515,1388.521515,0.854757711,optimistic-synthetic-what-if-not-measured,
reversed-ablation,heavy-023-91faf260,68,0.48410413,57.268767,1120.362467,1120.362467,0.854757711,optimistic-synthetic-what-if-not-measured,
reversed-ablation,heavy-030-588cde7a,69,0.485912673,58.123524,1399.526348,1399.526348,0.854757711,optimistic-synthetic-what-if-not-measured,
reversed-ablation,heavy-098-c87c5992,70,0.492851557,58.978282,1361.348736,1361.348736,0.854757711,optimistic-synthetic-what-if-not-measured,
reversed-ablation,heavy-196-544df2c8,71,0.493044442,59.83304,1184.015854,1184.015854,0.854757711,optimistic-synthetic-what-if-not-measured,
reversed-ablation,heavy-058-bcacae46,72,0.494351726,60.687797,1407.879552,1407.879552,0.854757711,optimistic-synthetic-what-if-not-measured,
reversed-ablation,heavy-110-48e6e0d2,73,0.497061874,61.542555,1383.197935,1383.197935,0.854757711,optimistic-synthetic-what-if-not-measured,
reversed-ablation,heavy-153-8e0e86e5,74,0.49736397,62.397313,1415.628887,1415.628887,0.854757711,optimistic-synthetic-what-if-not-measured,
reversed-ablation,heavy-146-3597c702,75,0.50153091,63.252071,1280.393682,1280.393682,0.854757711,optimistic-synthetic-what-if-not-measured,
reversed-ablation,heavy-007-aa7f1a53,76,0.506446153,64.106828,1301.197442,1301.197442,0.854757711,optimistic-synthetic-what-if-not-measured,
reversed-ablation,heavy-057-9abd5dfd,77,0.506898474,64.961586,1377.723655,1377.723655,0.854757711,optimistic-synthetic-what-if-not-measured,
reversed-ablation,heavy-074-ed176958,78,0.507169793,65.816344,1437.407048,1437.407048,0.854757711,optimistic-synthetic-what-if-not-measured,
reversed-ablation,heavy-026-f5c88db9,79,0.510089185,66.671101,1307.866281,1307.866281,0.854757711,optimistic-synthetic-what-if-not-measured,
reversed-ablation,heavy-170-eb524240,80,0.510765073,67.525859,1131.49646,1131.49646,0.854757711,optimistic-synthetic-what-if-not-measured,
reversed-ablation,heavy-063-653e17ff,81,0.513896012,68.380617,1364.657307,1364.657307,0.854757711,optimistic-synthetic-what-if-not-measured,
reversed-ablation,heavy-029-c0897f86,82,0.515013593,69.235375,1151.357504,1151.357504,0.854757711,optimistic-synthetic-what-if-not-measured,
reversed-ablation,heavy-083-3e740750,83,0.519733881,70.090132,1333.931257,1333.931257,0.854757711,optimistic-synthetic-what-if-not-measured,
reversed-ablation,heavy-150-c111b543,84,0.521325193,70.94489,1416.03938,1416.03938,0.854757711,optimistic-synthetic-what-if-not-measured,
reversed-ablation,heavy-047-6e5aa39a,85,0.522791937,71.799648,1369.794164,1369.794164,0.854757711,optimistic-synthetic-what-if-not-measured,
reversed-ablation,heavy-046-c30f5a41,86,0.524282799,72.654405,1363.296434,1363.296434,0.854757711,optimistic-synthetic-what-if-not-measured,
reversed-ablation,heavy-051-d32f68e1,87,0.526119817,73.509163,1362.60137,1362.60137,0.854757711,optimistic-synthetic-what-if-not-measured,
reversed-ablation,heavy-017-7d08380e,88,0.533644222,74.363921,1389.383482,1389.383482,0.854757711,optimistic-synthetic-what-if-not-measured,
reversed-ablation,heavy-187-8326824d,89,0.535549761,75.218679,1137.428256,1137.428256,0.854757711,optimistic-synthetic-what-if-not-measured,
reversed-ablation,heavy-145-9b0b97ef,90,0.53665104,76.073436,1317.522298,1317.522298,0.854757711,optimistic-synthetic-what-if-not-measured,
reversed-ablation,heavy-186-bb495590,91,0.537663956,76.928194,1248.150324,1248.150324,0.854757711,optimistic-synthetic-what-if-not-measured,
reversed-ablation,heavy-045-088d4ef5,92,0.538170283,77.782952,1422.946953,1422.946953,0.854757711,optimistic-synthetic-what-if-not-measured,
reversed-ablation,heavy-073-7734485a,93,0.538223905,78.637709,1199.879674,1199.879674,0.854757711,optimistic-synthetic-what-if-not-measured,
reversed-ablation,heavy-103-61e25702,94,0.538384243,79.492467,1245.232987,1245.232987,0.854757711,optimistic-synthetic-what-if-not-measured,
reversed-ablation,heavy-022-eb6cad00,95,0.539663887,80.347225,1187.981997,1187.981997,0.854757711,optimistic-synthetic-what-if-not-measured,
reversed-ablation,heavy-173-a74cbdae,96,0.540558982,81.201983,1177.264672,1177.264672,0.854757711,optimistic-synthetic-what-if-not-measured,
reversed-ablation,heavy-148-095f7a2e,97,0.54118501,82.05674,1415.505735,1415.505735,0.854757711,optimistic-synthetic-what-if-not-measured,
reversed-ablation,heavy-056-3ce5c058,98,0.545116821,82.911498,1330.05686,1330.05686,0.854757711,optimistic-synthetic-what-if-not-measured,
reversed-ablation,heavy-198-af7c3c86,99,0.546820298,83.766256,1432.608178,1432.608178,0.854757711,optimistic-synthetic-what-if-not-measured,
reversed-ablation,heavy-151-e0e9bb33,100,0.549153242,84.621013,1157.682177,1157.682177,0.854757711,optimistic-synthetic-what-if-not-measured,
reversed-ablation,heavy-086-c9661d5b,101,0.549388618,85.475771,1231.359326,1231.359326,0.854757711,optimistic-synthetic-what-if-not-measured,
reversed-ablation,heavy-059-31d6699d,102,0.550669607,86.330529,1308.261625,1308.261625,0.854757711,optimistic-synthetic-what-if-not-measured,
reversed-ablation,heavy-133-888072a8,103,0.552188559,87.185286,1285.059497,1285.059497,0.854757711,optimistic-synthetic-what-if-not-measured,
reversed-ablation,heavy-112-89e36742,104,0.552587517,88.040044,1029.926406,1029.926406,0.854757711,optimistic-synthetic-what-if-not-measured,
reversed-ablation,heavy-081-7916c35c,105,0.552796052,88.894802,1124.648468,1124.648468,0.854757711,optimistic-synthetic-what-if-not-measured,
reversed-ablation,heavy-113-2735b5df,106,0.553749577,89.74956,1147.173511,1147.173511,0.854757711,optimistic-synthetic-what-if-not-measured,
reversed-ablation,heavy-010-40a00ce2,107,0.555727725,90.604317,1422.822763,1422.822763,0.854757711,optimistic-synthetic-what-if-not-measured,
reversed-ablation,heavy-197-b2d1e42f,108,0.55696635,91.459075,1366.079995,1366.079995,0.854757711,optimistic-synthetic-what-if-not-measured,
reversed-ablation,heavy-067-d32a0622,109,0.557592196,92.313833,1416.410166,1416.410166,0.854757711,optimistic-synthetic-what-if-not-measured,
reversed-ablation,heavy-131-12d412a7,110,0.561106887,93.16859,1357.06799,1357.06799,0.854757711,optimistic-synthetic-what-if-not-measured,
reversed-ablation,heavy-021-aeb0c5db,111,0.562189941,94.023348,1267.73694,1267.73694,0.854757711,optimistic-synthetic-what-if-not-measured,
reversed-ablation,heavy-155-b2937f5b,112,0.568330992,94.878106,1353.063757,1353.063757,0.854757711,optimistic-synthetic-what-if-not-measured,
reversed-ablation,heavy-061-fecc2ff9,113,0.568642513,95.732864,1399.926285,1399.926285,0.854757711,optimistic-synthetic-what-if-not-measured,
reversed-ablation,heavy-052-f24dbad2,114,0.573971961,96.587621,1373.535172,1373.535172,0.854757711,optimistic-synthetic-what-if-not-measured,
reversed-ablation,heavy-157-6c4bfe7a,115,0.575706591,97.442379,1234.993927,1234.993927,0.854757711,optimistic-synthetic-what-if-not-measured,
reversed-ablation,heavy-116-927f9a89,116,0.578183589,98.297137,1092.755285,1092.755285,0.854757711,optimistic-synthetic-what-if-not-measured,
reversed-ablation,heavy-135-5b2d0009,117,0.578960241,99.151894,1413.397672,1413.397672,0.854757711,optimistic-synthetic-what-if-not-measured,
reversed-ablation,heavy-039-11fc45bc,118,0.579949623,100.006652,1181.738575,1181.738575,0.854757711,optimistic-synthetic-what-if-not-measured,
reversed-ablation,heavy-192-72251142,119,0.581786734,100.86141,1028.481356,1028.481356,0.854757711,optimistic-synthetic-what-if-not-measured,
reversed-ablation,heavy-096-46d2f7e6,120,0.583257592,101.716168,1343.011377,1343.011377,0.854757711,optimistic-synthetic-what-if-not-measured,
reversed-ablation,heavy-035-140648c1,121,0.586326335,102.570925,1122.304836,1122.304836,0.854757711,optimistic-synthetic-what-if-not-measured,
reversed-ablation,heavy-054-8d32225f,122,0.589256099,103.425683,1323.458287,1323.458287,0.854757711,optimistic-synthetic-what-if-not-measured,
reversed-ablation,heavy-160-5abf716f,123,0.589501253,104.280441,1184.153925,1184.153925,0.854757711,optimistic-synthetic-what-if-not-measured,
reversed-ablation,heavy-123-b4d644dd,124,0.593021611,105.135198,1215.756697,1215.756697,0.854757711,optimistic-synthetic-what-if-not-measured,
reversed-ablation,heavy-163-90f2ace5,125,0.593088616,105.989956,1253.78696,1253.78696,0.854757711,optimistic-synthetic-what-if-not-measured,
reversed-ablation,heavy-089-1c4c66ce,126,0.596427186,106.844714,1168.48849,1168.48849,0.854757711,optimistic-synthetic-what-if-not-measured,
reversed-ablation,heavy-013-54042f54,127,0.596715941,107.699472,1294.204998,1294.204998,0.854757711,optimistic-synthetic-what-if-not-measured,
reversed-ablation,heavy-082-92d9fc3a,128,0.597243905,108.554229,1298.272488,1298.272488,0.854757711,optimistic-synthetic-what-if-not-measured,
reversed-ablation,heavy-028-e48c3cf5,129,0.597730908,109.408987,1096.311404,1096.311404,0.854757711,optimistic-synthetic-what-if-not-measured,
reversed-ablation,heavy-092-60e427bf,130,0.601436575,110.263745,1171.447973,1171.447973,0.854757711,optimistic-synthetic-what-if-not-measured,
reversed-ablation,heavy-132-1ef7fe99,131,0.607549195,111.118502,1364.104925,1364.104925,0.854757711,optimistic-synthetic-what-if-not-measured,
reversed-ablation,heavy-128-09571942,132,0.607940621,111.97326,1306.963658,1306.963658,0.854757711,optimistic-synthetic-what-if-not-measured,
reversed-ablation,heavy-194-1d536a50,133,0.615608502,112.828018,1378.348164,1378.348164,0.854757711,optimistic-synthetic-what-if-not-measured,
reversed-ablation,heavy-139-b13dafd9,134,0.615621725,113.682776,952.222322,952.222322,0.854757711,optimistic-synthetic-what-if-not-measured,
reversed-ablation,heavy-175-1c042de1,135,0.618258495,114.537533,999.946925,999.946925,0.854757711,optimistic-synthetic-what-if-not-measured,
reversed-ablation,heavy-040-0f14f5d2,136,0.621258176,115.392291,1007.703052,1007.703052,0.854757711,optimistic-synthetic-what-if-not-measured,
reversed-ablation,heavy-091-8da8381a,137,0.623526159,116.247049,933.475925,933.475925,0.854757711,optimistic-synthetic-what-if-not-measured,
reversed-ablation,heavy-184-ef61f337,138,0.624951161,117.101806,1376.460464,1376.460464,0.854757711,optimistic-synthetic-what-if-not-measured,
reversed-ablation,heavy-087-4a3ffd66,139,0.626936364,117.956564,1399.871588,1399.871588,0.854757711,optimistic-synthetic-what-if-not-measured,
reversed-ablation,heavy-099-b2d5c0a9,140,0.629747984,118.811322,1159.724934,1159.724934,0.854757711,optimistic-synthetic-what-if-not-measured,
reversed-ablation,heavy-161-04630ea2,141,0.633255215,119.666079,1027.962212,1027.962212,0.854757711,optimistic-synthetic-what-if-not-measured,
reversed-ablation,heavy-076-b2c8f63b,142,0.633342441,120.520837,1245.49313,1245.49313,0.854757711,optimistic-synthetic-what-if-not-measured,
reversed-ablation,heavy-014-78a748d4,143,0.635721294,121.375595,1295.1554,1295.1554,0.854757711,optimistic-synthetic-what-if-not-measured,
reversed-ablation,heavy-094-a756609d,144,0.638608859,122.230353,1001.125655,1001.125655,0.854757711,optimistic-synthetic-what-if-not-measured,
reversed-ablation,heavy-193-354ea1c1,145,0.644867364,123.08511,1178.573472,1178.573472,0.854757711,optimistic-synthetic-what-if-not-measured,
reversed-ablation,heavy-124-e14d9a9b,146,0.64692753,123.939868,1167.026191,1167.026191,0.854757711,optimistic-synthetic-what-if-not-measured,
reversed-ablation,heavy-036-87faed15,147,0.64718443,124.794626,1292.858836,1292.858836,0.854757711,optimistic-synthetic-what-if-not-measured,
reversed-ablation,heavy-140-3d24e8f1,148,0.648764803,125.649383,1317.54094,1317.54094,0.854757711,optimistic-synthetic-what-if-not-measured,
reversed-ablation,heavy-136-664d00e9,149,0.653343795,126.504141,1172.150623,1172.150623,0.854757711,optimistic-synthetic-what-if-not-measured,
reversed-ablation,heavy-117-7b62a082,150,0.653608238,127.358899,1235.479637,1235.479637,0.854757711,optimistic-synthetic-what-if-not-measured,
reversed-ablation,heavy-065-360e09f7,151,0.657089653,128.213657,1213.660808,1213.660808,0.854757711,optimistic-synthetic-what-if-not-measured,
reversed-ablation,heavy-147-84a75dd3,152,0.659671069,129.068414,1405.695244,1405.695244,0.854757711,optimistic-synthetic-what-if-not-measured,
reversed-ablation,heavy-167-a6e15368,153,0.661274198,129.923172,994.991606,994.991606,0.854757711,optimistic-synthetic-what-if-not-measured,
reversed-ablation,heavy-038-a342f66d,154,0.663025757,130.77793,1359.630566,1359.630566,0.854757711,optimistic-synthetic-what-if-not-measured,
reversed-ablation,heavy-060-0b6542b3,155,0.663811366,131.632687,1090.077287,1090.077287,0.854757711,optimistic-synthetic-what-if-not-measured,
reversed-ablation,heavy-012-f6437e0f,156,0.664692739,132.487445,990.950284,990.950284,0.854757711,optimistic-synthetic-what-if-not-measured,
reversed-ablation,heavy-138-7a1ed322,157,0.667769549,133.342203,1085.914183,1085.914183,0.854757711,optimistic-synthetic-what-if-not-measured,
reversed-ablation,heavy-009-35a75ca2,158,0.671500812,134.196961,1218.519778,1218.519778,0.854757711,optimistic-synthetic-what-if-not-measured,
reversed-ablation,heavy-199-4494c14f,159,0.672398231,135.051718,867.023042,867.023042,0.854757711,optimistic-synthetic-what-if-not-measured,
reversed-ablation,heavy-066-0d6a0878,160,0.673718239,135.906476,1054.690968,1054.690968,0.854757711,optimistic-synthetic-what-if-not-measured,
reversed-ablation,heavy-024-3bcedff7,161,0.675057544,136.761234,906.060988,906.060988,0.854757711,optimistic-synthetic-what-if-not-measured,
reversed-ablation,heavy-171-e2a91836,162,0.675699539,137.615991,936.78158,936.78158,0.854757711,optimistic-synthetic-what-if-not-measured,
reversed-ablation,heavy-158-1959c4fb,163,0.682568295,138.470749,850.610384,850.610384,0.854757711,optimistic-synthetic-what-if-not-measured,
reversed-ablation,heavy-114-e461f442,164,0.683212835,139.325507,936.090903,936.090903,0.854757711,optimistic-synthetic-what-if-not-measured,
reversed-ablation,heavy-006-2f8513b1,165,0.684239827,140.180265,1281.537875,1281.537875,0.854757711,optimistic-synthetic-what-if-not-measured,
reversed-ablation,heavy-101-b85ee59a,166,0.684729907,141.035022,1092.150587,1092.150587,0.854757711,optimistic-synthetic-what-if-not-measured,
reversed-ablation,heavy-191-c23ece8f,167,0.685019472,141.88978,1279.586341,1279.586341,0.854757711,optimistic-synthetic-what-if-not-measured,
reversed-ablation,heavy-020-3d1c896a,168,0.687432048,142.744538,943.720402,943.720402,0.854757711,optimistic-synthetic-what-if-not-measured,
reversed-ablation,heavy-178-ffc70465,169,0.688560088,143.599295,1316.962619,1316.962619,0.854757711,optimistic-synthetic-what-if-not-measured,
reversed-ablation,heavy-120-6e73f800,170,0.691726431,144.454053,1027.656887,1027.656887,0.854757711,optimistic-synthetic-what-if-not-measured,
reversed-ablation,heavy-000-5835d092,171,0.692786694,145.308811,891.232594,891.232594,0.854757711,optimistic-synthetic-what-if-not-measured,
reversed-ablation,heavy-164-f0578732,172,0.697713932,146.163569,1185.983068,1185.983068,0.854757711,optimistic-synthetic-what-if-not-measured,
reversed-ablation,heavy-042-6a3ada7a,173,0.699519585,147.018326,1156.055624,1156.055624,0.854757711,optimistic-synthetic-what-if-not-measured,
reversed-ablation,heavy-152-4f125415,174,0.704471477,147.873084,1110.775162,1110.775162,0.854757711,optimistic-synthetic-what-if-not-measured,
reversed-ablation,heavy-134-21dcbca1,175,0.708172842,148.727842,895.243435,895.243435,0.854757711,optimistic-synthetic-what-if-not-measured,
reversed-ablation,heavy-041-79009bbb,176,0.721469427,149.582599,946.495196,946.495196,0.854757711,optimistic-synthetic-what-if-not-measured,
reversed-ablation,heavy-107-b44a1c3b,177,0.729511012,150.437357,928.14854,928.14854,0.854757711,optimistic-synthetic-what-if-not-measured,
reversed-ablation,heavy-095-506191fc,178,0.732883203,151.292115,907.85744,907.85744,0.854757711,optimistic-synthetic-what-if-not-measured,
reversed-ablation,heavy-177-94fca623,179,0.73420346,152.146873,1188.565085,1188.565085,0.854757711,optimistic-synthetic-what-if-not-measured,
reversed-ablation,heavy-044-6477f458,180,0.742451265,153.00163,1062.926024,1062.926024,0.854757711,optimistic-synthetic-what-if-not-measured,
reversed-ablation,heavy-048-bf8f5880,181,0.748720315,153.856388,873.693923,873.693923,0.854757711,optimistic-synthetic-what-if-not-measured,
reversed-ablation,heavy-077-26d7cfc9,182,0.751379261,154.711146,840.723714,840.723714,0.854757711,optimistic-synthetic-what-if-not-measured,
reversed-ablation,heavy-185-7bd14a82,183,0.757323072,155.565903,1065.40172,1065.40172,0.854757711,optimistic-synthetic-what-if-not-measured,
reversed-ablation,heavy-032-aba68153,184,0.759569181,156.420661,906.136374,906.136374,0.854757711,optimistic-synthetic-what-if-not-measured,
reversed-ablation,heavy-165-0f4342fa,185,0.760563816,157.275419,826.492761,826.492761,0.854757711,optimistic-synthetic-what-if-not-measured,
reversed-ablation,heavy-169-77b26720,186,0.766258591,158.130176,1020.458446,1020.458446,0.854757711,optimistic-synthetic-what-if-not-measured,
reversed-ablation,heavy-174-711a3a52,187,0.766920623,158.984934,807.767139,807.767139,0.854757711,optimistic-synthetic-what-if-not-measured,
reversed-ablation,heavy-018-f64faa83,188,0.769557187,159.839692,1099.394839,1099.394839,0.854757711,optimistic-synthetic-what-if-not-measured,
reversed-ablation,heavy-104-47179202,189,0.775790991,160.69445,817.53374,817.53374,0.854757711,optimistic-synthetic-what-if-not-measured,
reversed-ablation,heavy-033-10e0b8a8,190,0.781532423,161.549207,902.336518,902.336518,0.854757711,optimistic-synthetic-what-if-not-measured,
reversed-ablation,heavy-011-3175cc9d,191,0.783249576,162.403965,1025.033641,1025.033641,0.854757711,optimistic-synthetic-what-if-not-measured,
reversed-ablation,heavy-115-0a7c27fd,192,0.798665635,163.258723,890.440672,890.440672,0.854757711,optimistic-synthetic-what-if-not-measured,
reversed-ablation,heavy-130-706fee78,193,0.799454237,164.11348,708.29506,708.29506,0.854757711,optimistic-synthetic-what-if-not-measured,
reversed-ablation,heavy-093-9b7261fa,194,0.80605576,164.968238,830.273463,830.273463,0.854757711,optimistic-synthetic-what-if-not-measured,
reversed-ablation,heavy-172-46ec5a13,195,0.806130288,165.822996,711.044552,711.044552,0.854757711,optimistic-synthetic-what-if-not-measured,
reversed-ablation,heavy-025-1333b6f5,196,0.808317187,166.677754,1078.02008,1078.02008,0.854757711,optimistic-synthetic-what-if-not-measured,
reversed-ablation,heavy-166-e044ca0c,197,0.842625552,167.532511,674.888825,674.888825,0.854757711,optimistic-synthetic-what-if-not-measured,
reversed-ablation,heavy-141-f387dd24,198,0.856415208,168.387269,651.158327,651.158327,0.854757711,optimistic-synthetic-what-if-not-measured,
reversed-ablation,heavy-127-6e85e449,199,0.901010563,169.242027,615.968226,615.968226,0.854757711,optimistic-synthetic-what-if-not-measured,
reversed-ablation,heavy-100-28fff950,200,0.938308921,170.096784,634.882041,634.882041,0.854757711,optimistic-synthetic-what-if-not-measured,
